"type","group","kanji","kana","translation","pattern"
"word","L1","","あの","эм...",""
"word","L1","今","いま","сейчас",""
"word","L1","英語","えいご","английский (язык)",""
"word","L1","","ええ","да",""
"word","L1","学生","がくせい","студент",""
"word","L1","〜語","〜ご","...язык",""
"word","L1","高校","こうこう","старшая школа",""
"word","L1","午後","ごご","после полудня",""
"word","L1","午前","ごぜん","до полудня",""
"word","L1","〜歳","〜さい","...лет",""
"word","L1","","〜さん","господин/госпожа...",""
"word","L1","〜時","〜じ","...часов",""
"word","L1","〜人","〜じん","...люди",""
"word","L1","専攻","せんこう","специальность",""
"word","L1","先生","せんせい","учитель; профессор",""
"word","L1","","そうです","Верно.",""
"word","L1","","そうですか","Понятно.; Вот как?",""
"word","L1","大学","だいがく","колледж; университет",""
"word","L1","電話","でんわ","телефон",""
"word","L1","友だち","ともだち","друг",""
"word","L1","名前","なまえ","имя",""
"word","L1","何","なん／なに","что",""
"word","L1","日本","にほん","Япония",""
"word","L1","〜年生","〜ねんせい","студент...курса",""
"word","L1","","はい","да",""
"word","L1","半","はん","половина",""
"word","L1","番号","ばんごう","номер",""
"word","L1","留学生","りゅうがくせい","иностранный студент",""
"word","L1","私","わたし","я",""
"word","L1","","アメリカ","США",""
"word","L1","","イギリス","Великобритания",""
"word","L1","","オーストラリア","Австралия",""
"word","L1","韓国","かんこく","Корея",""
"word","L1","","スウェーデン","Швеция",""
"word","L1","中国","ちゅうごく","Китай",""
"word","L1","科学","かがく","наука",""
"word","L1","","アジアけんきゅう","азиатские исследования",""
"word","L1","経済","けいざい","экономика",""
"word","L1","国際関係","こくさいかんけい","международные отношения",""
"word","L1","","コンピューター","компьютер",""
"word","L1","人類学","じんるいがく","антропология",""
"word","L1","政治","せいじ","политика",""
"word","L1","","ビジネス","бизнес",""
"word","L1","文学","ぶんがく","литература",""
"word","L1","歴史","れきし","история",""
"word","L1","仕事","しごと","работа; занятие",""
"word","L1","医者","いしゃ","врач",""
"word","L1","会社員","かいしゃいん","офисный работник",""
"word","L1","高校生","こうこうせい","ученик старшей школы",""
"word","L1","主婦","しゅふ","домохозяйка",""
"word","L1","大学院生","だいがくいんせい","аспирант",""
"word","L1","大学生","だいがくせい","студент вуза",""
"word","L1","弁護士","べんごし","адвокат",""
"word","L1","お母さん","おかあさん","мама",""
"word","L1","お父さん","おとうさん","папа",""
"word","L1","お姉さん","おねえさん","старшая сестра",""
"word","L1","お兄さん","おにいさん","старший брат",""
"word","L1","妹","いもうと","младшая сестра",""
"word","L1","弟","おとうと","младший брат",""
"word","L2","","これ","это",""
"word","L2","","それ","то (у тебя)",""
"word","L2","","あれ","то (вон там)",""
"word","L2","","どれ","которое",""
"word","L2","","この","этот...",""
"word","L2","","その","тот...",""
"word","L2","","あの","вон тот...",""
"word","L2","","どの","который...",""
"word","L2","","ここ","здесь",""
"word","L2","","そこ","там",""
"word","L2","","あそこ","вон там",""
"word","L2","","どこ","где",""
"word","L2","","だれ","кто",""
"word","L2","","おいしい","вкусный",""
"word","L2","魚","さかな","рыба",""
"word","L2","","とんかつ","свиная котлета",""
"word","L2","肉","にく","мясо",""
"word","L2","","メニュー","меню",""
"word","L2","野菜","やさい","овощ",""
"word","L2","鉛筆","えんぴつ","карандаш",""
"word","L2","傘","かさ","зонт",""
"word","L2","","かばん","сумка",""
"word","L2","靴","くつ","туфли",""
"word","L2","財布","さいふ","кошелёк",""
"word","L2","","ジーンズ","джинсы",""
"word","L2","辞書","じしょ","словарь",""
"word","L2","自転車","じてんしゃ","велосипед",""
"word","L2","新聞","しんぶん","газета",""
"word","L2","","Tシャツ","футболка",""
"word","L2","時計","とけい","часы",""
"word","L2","","ノート","тетрадь",""
"word","L2","","ペン","ручка",""
"word","L2","帽子","ぼうし","шляпа; кепка",""
"word","L2","本","ほん","книга",""
"word","L2","喫茶店","きっさてん","кафе",""
"word","L2","銀行","ぎんこう","банк",""
"word","L2","","トイレ","туалет",""
"word","L2","図書館","としょかん","библиотека",""
"word","L2","郵便局","ゆうびんきょく","почта",""
"word","L2","","いくら","сколько стоит",""
"word","L2","〜円","〜えん","...иен",""
"word","L2","高い","たかい","дорогой",""
"word","L2","","いらっしゃいませ","Добро пожаловать.",""
"word","L2","","(〜を)おねがいします","..., пожалуйста.",""
"word","L2","","(〜を)ください","Дайте мне...",""
"word","L2","","じゃあ","тогда...",""
"word","L2","","どうぞ","Пожалуйста.; Вот.",""
"word","L2","","どうも","Спасибо.",""
"word","L3","映画","えいが","кино",""
"word","L3","音楽","おんがく","музыка",""
"word","L3","雑誌","ざっし","журнал",""
"word","L3","","スポーツ","спорт",""
"word","L3","","デート","свидание",""
"word","L3","","テニス","теннис",""
"word","L3","","テレビ","телевизор",""
"word","L3","","アイスクリーム","мороженое",""
"word","L3","朝ご飯","あさごはん","завтрак",""
"word","L3","お酒","おさけ","сакэ; алкоголь",""
"word","L3","お茶","おちゃ","зелёный чай",""
"word","L3","","コーヒー","кофе",""
"word","L3","晩ご飯","ばんごはん","ужин",""
"word","L3","","ハンバーガー","гамбургер",""
"word","L3","昼ご飯","ひるごはん","обед",""
"word","L3","水","みず","вода",""
"word","L3","家","いえ","дом",""
"word","L3","家","うち","мой дом",""
"word","L3","学校","がっこう","школа",""
"word","L3","朝","あさ","утро",""
"word","L3","明日","あした","завтра",""
"word","L3","","いつ","когда",""
"word","L3","今日","きょう","сегодня",""
"word","L3","〜頃","〜ごろ","около...",""
"word","L3","今晩","こんばん","сегодня вечером",""
"word","L3","週末","しゅうまつ","выходные",""
"word","L3","土曜日","どようび","суббота",""
"word","L3","日曜日","にちようび","воскресенье",""
"word","L3","毎日","まいにち","каждый день",""
"word","L3","毎晩","まいばん","каждый вечер",""
"word","L3","行く","いく","идти",""
"word","L3","帰る","かえる","возвращаться",""
"word","L3","聞く","きく","слушать; слышать",""
"word","L3","飲む","のむ","пить",""
"word","L3","話す","はなす","говорить; разговаривать",""
"word","L3","読む","よむ","читать",""
"word","L3","起きる","おきる","вставать",""
"word","L3","食べる","たべる","есть",""
"word","L3","寝る","ねる","спать; ложиться спать",""
"word","L3","見る","みる","смотреть",""
"word","L3","来る","くる","приходить",""
"word","L3","","する","делать",""
"word","L3","勉強する","べんきょうする","учиться",""
"word","L3","","いい","хороший",""
"word","L3","早い","はやい","ранний; рано",""
"word","L3","","あまり＋negative","не очень",""
"word","L3","全然","ぜんぜん＋negative","совсем не",""
"word","L3","","たいてい","обычно",""
"word","L3","","ちょっと","немного",""
"word","L3","時々","ときどき","иногда",""
"word","L3","","よく","часто; много",""
"word","L3","","そうですね","Верно.; Дайте подумать.",""
"word","L3","","でも","но",""
"word","L3","","どうですか","Как насчёт...?",""
"word","L4","","アルバイト","подработка",""
"word","L4","買い物","かいもの","шоппинг",""
"word","L4","","クラス","класс",""
"word","L4","","あなた","ты; вы",""
"word","L4","椅子","いす","стул",""
"word","L4","犬","いぬ","собака",""
"word","L4","お土産","おみやげ","сувенир",""
"word","L4","子供","こども","ребёнок",""
"word","L4","ご飯","ごはん","рис; еда",""
"word","L4","写真","しゃしん","фотография",""
"word","L4","机","つくえ","письменный стол",""
"word","L4","手紙","てがみ","письмо",""
"word","L4","猫","ねこ","кошка",""
"word","L4","","パン","хлеб",""
"word","L4","人","ひと","человек",""
"word","L4","","メール","электронная почта",""
"word","L4","お寺","おてら","храм",""
"word","L4","公園","こうえん","парк",""
"word","L4","","スーパー","супермаркет",""
"word","L4","","デパート","универмаг",""
"word","L4","バス停","バスてい","автобусная остановка",""
"word","L4","病院","びょういん","больница",""
"word","L4","","ホテル","гостиница",""
"word","L4","本屋","ほんや","книжный магазин",""
"word","L4","町","まち","город",""
"word","L4","","レストラン","ресторан",""
"word","L4","昨日","きのう","вчера",""
"word","L4","〜時間","〜じかん","...часов",""
"word","L4","先週","せんしゅう","прошлая неделя",""
"word","L4","時","とき","когда...; во время...",""
"word","L4","月曜日","げつようび","понедельник",""
"word","L4","火曜日","かようび","вторник",""
"word","L4","水曜日","すいようび","среда",""
"word","L4","木曜日","もくようび","четверг",""
"word","L4","金曜日","きんようび","пятница",""
"word","L4","会う","あう","встречаться",""
"word","L4","","ある","быть; находиться",""
"word","L4","買う","かう","покупать",""
"word","L4","書く","かく","писать",""
"word","L4","撮る","とる","фотографировать",""
"word","L4","待つ","まつ","ждать",""
"word","L4","","わかる","понимать",""
"word","L4","","いる","быть (о живых существах)",""
"word","L4","","〜ぐらい","около; примерно",""
"word","L4","","ごめんなさい","Извините.",""
"word","L4","","だから","поэтому",""
"word","L4","","たくさん","много",""
"word","L4","","〜と","вместе с...",""
"word","L4","","どうして","почему",""
"word","L4","一人で","ひとりで","один",""
"word","L5","海","うみ","море",""
"word","L5","切手","きって","марки",""
"word","L5","切符","きっぷ","билет",""
"word","L5","","サーフィン","сёрфинг",""
"word","L5","宿題","しゅくだい","домашнее задание",""
"word","L5","食べ物","たべもの","еда",""
"word","L5","誕生日","たんじょうび","день рождения",""
"word","L5","","テスト","тест",""
"word","L5","天気","てんき","погода",""
"word","L5","飲み物","のみもの","напиток",""
"word","L5","葉書","はがき","открытка",""
"word","L5","","バス","автобус",""
"word","L5","飛行機","ひこうき","самолёт",""
"word","L5","部屋","へや","комната",""
"word","L5","僕","ぼく","я (мужской стиль)",""
"word","L5","休み","やすみ","выходной; отпуск",""
"word","L5","旅行","りょこう","путешествие",""
"word","L5","新しい","あたらしい","новый",""
"word","L5","暑い","あつい","жаркий",""
"word","L5","熱い","あつい","горячий",""
"word","L5","忙しい","いそがしい","занятый",""
"word","L5","大きい","おおきい","большой",""
"word","L5","面白い","おもしろい","интересный; смешной",""
"word","L5","","かっこいい","красивый; клёвый",""
"word","L5","怖い","こわい","страшный",""
"word","L5","寒い","さむい","холодный (погода)",""
"word","L5","楽しい","たのしい","весёлый",""
"word","L5","小さい","ちいさい","маленький",""
"word","L5","","つまらない","скучный",""
"word","L5","古い","ふるい","старый (предмет)",""
"word","L5","難しい","むずかしい","трудный",""
"word","L5","","やさしい","лёгкий; добрый",""
"word","L5","安い","やすい","дешёвый",""
"word","L5","嫌い","きらい(な)","не любить",""
"word","L5","","きれい(な)","красивый; чистый",""
"word","L5","元気","げんき(な)","здоровый; бодрый",""
"word","L5","静か","しずか(な)","тихий",""
"word","L5","好き","すき(な)","нравиться",""
"word","L5","大嫌い","だいきらい(な)","ненавидеть",""
"word","L5","大好き","だいすき(な)","очень любить",""
"word","L5","","にぎやか(な)","оживлённый",""
"word","L5","暇","ひま(な)","свободный",""
"word","L5","泳ぐ","およぐ","плавать",""
"word","L5","聞く","きく","спрашивать",""
"word","L5","乗る","のる","ездить; садиться",""
"word","L5","","やる","делать",""
"word","L5","出かける","でかける","выходить",""
"word","L5","一緒に","いっしょに","вместе",""
"word","L5","","すごく","очень; чрезвычайно",""
"word","L5","","それから","а потом",""
"word","L5","大丈夫","だいじょうぶ","Всё в порядке.",""
"word","L5","","とても","очень",""
"word","L5","","どんな","какой...",""
"word","L5","〜枚","〜まい","[счётное слово для плоских предметов]",""
"word","L5","","〜まで","до...",""
"word","L6","お金","おかね","деньги",""
"word","L6","お風呂","おふろ","ванна",""
"word","L6","漢字","かんじ","кандзи",""
"word","L6","教科書","きょうかしょ","учебник",""
"word","L6","今週","こんしゅう","на этой неделе",""
"word","L6","","CD(シーディー)","CD",""
"word","L6","市民病院","しみんびょういん","городская больница",""
"word","L6","","シャワー","душ",""
"word","L6","次","つぎ","следующий",""
"word","L6","電気","でんき","электричество",""
"word","L6","電車","でんしゃ","электричка; поезд",""
"word","L6","荷物","にもつ","багаж",""
"word","L6","","パソコン","персональный компьютер",""
"word","L6","","ページ","страница",""
"word","L6","窓","まど","окно",""
"word","L6","夜","よる","ночь",""
"word","L6","来週","らいしゅう","следующая неделя",""
"word","L6","来年","らいねん","следующий год",""
"word","L6","大変","たいへん(な)","тяжёлый",""
"word","L6","遊ぶ","あそぶ","играть; проводить время",""
"word","L6","急ぐ","いそぐ","торопиться",""
"word","L6","お風呂に入る","おふろにはいる","принимать ванну",""
"word","L6","返す","かえす","возвращать (вещь)",""
"word","L6","消す","けす","выключать; стирать",""
"word","L6","死ぬ","しぬ","умирать",""
"word","L6","座る","すわる","садиться",""
"word","L6","立つ","たつ","вставать",""
"word","L6","たばこを吸う","たばこをすう","курить",""
"word","L6","使う","つかう","использовать",""
"word","L6","手伝う","てつだう","помогать",""
"word","L6","入る","はいる","входить",""
"word","L6","持つ","もつ","носить; держать",""
"word","L6","休む","やすむ","отсутствовать; отдыхать",""
"word","L6","開ける","あける","открывать",""
"word","L6","教える","おしえる","учить; инструктировать",""
"word","L6","降りる","おりる","выходить (из транспорта)",""
"word","L6","借りる","かりる","брать взаймы",""
"word","L6","閉める","しめる","закрывать",""
"word","L6","シャワーを浴びる","シャワーをあびる","принимать душ",""
"word","L6","","つける","включать",""
"word","L6","電話をかける","でんわをかける","звонить",""
"word","L6","忘れる","わすれる","забывать",""
"word","L6","連れてくる","つれてくる","приводить (человека)",""
"word","L6","持ってくる","もってくる","приносить (вещь)",""
"word","L6","後で","あとで","позже",""
"word","L6","遅く","おそく","поздно",""
"word","L6","","〜から","потому что...",""
"word","L6","結構です","けっこうです","Хорошо.; Не нужно.",""
"word","L6","","すぐ","сразу",""
"word","L6","本当ですか","ほんとうですか","Правда?",""
"word","L6","","ゆっくり","медленно; не торопясь",""
"word","L7","姉","あね","моя старшая сестра",""
"word","L7","","アパート","квартира",""
"word","L7","歌","うた","песня",""
"word","L7","","おじいさん","дедушка; пожилой мужчина",""
"word","L7","男の人","おとこのひと","мужчина",""
"word","L7","","おばあさん","бабушка; пожилая женщина",""
"word","L7","女の人","おんなのひと","женщина",""
"word","L7","会社","かいしゃ","компания",""
"word","L7","家族","かぞく","семья",""
"word","L7","髪","かみ","волосы",""
"word","L7","兄弟","きょうだい","братья и сёстры",""
"word","L7","口","くち","рот",""
"word","L7","国","くに","страна; родина",""
"word","L7","車","くるま","машина",""
"word","L7","","ゲーム","игра",""
"word","L7","","コンビニ","круглосуточный магазин",""
"word","L7","","サークル","кружок",""
"word","L7","食堂","しょくどう","столовая",""
"word","L7","父","ちち","мой отец",""
"word","L7","","DVD(ディーブイディー)","DVD",""
"word","L7","母","はは","моя мать",""
"word","L7","目","め","глаз",""
"word","L7","眼鏡","めがね","очки",""
"word","L7","頭がいい","あたまがいい","умный",""
"word","L7","","かわいい","милый",""
"word","L7","背が高い","せがたかい","высокий",""
"word","L7","背が低い","せがひくい","низкий",""
"word","L7","長い","ながい","длинный",""
"word","L7","速い","はやい","быстрый",""
"word","L7","短い","みじかい","короткий",""
"word","L7","親切","しんせつ(な)","добрый",""
"word","L7","便利","べんり(な)","удобный",""
"word","L7","歌う","うたう","петь",""
"word","L7","","かぶる","надевать (шляпу)",""
"word","L7","知る","しる","узнать",""
"word","L7","知っています","しっています","я знаю",""
"word","L7","知りません","しりません","я не знаю",""
"word","L7","住む","すむ","жить",""
"word","L7","","はく","надевать (низ)",""
"word","L7","太る","ふとる","поправляться",""
"word","L7","","(めがねを)かける","надевать (очки)",""
"word","L7","着る","きる","надевать (верх)",""
"word","L7","勤める","つとめる","работать в...",""
"word","L7","","やせる","худеть",""
"word","L7","結婚する","けっこんする","жениться; выйти замуж",""
"word","L7","","〜が","но",""
"word","L7","何も","なにも＋negative","ничего",""
"word","L7","〜人","〜にん","[счётное слово для людей]",""
"word","L7","一人","ひとり","один человек",""
"word","L7","二人","ふたり","два человека",""
"word","L7","別に","べつに＋negative","ничего особенного",""
"word","L7","","もしもし","Алло?",""
"word","L7","","もちろん","конечно",""
"word","L7","","よかったら","если хотите",""
"word","L8","明後日","あさって","послезавтра",""
"word","L8","雨","あめ","дождь",""
"word","L8","","カメラ","фотоаппарат",""
"word","L8","","カラオケ","караоке",""
"word","L8","空気","くうき","воздух",""
"word","L8","今朝","けさ","сегодня утром",""
"word","L8","黒板","こくばん","доска",""
"word","L8","今月","こんがつ","в этом месяце",""
"word","L8","仕事","しごと","работа",""
"word","L8","大学生","だいがくせい","студент",""
"word","L8","天気予報","てんきよほう","прогноз погоды",""
"word","L8","所","ところ","место",""
"word","L8","","トマト","помидор",""
"word","L8","夏","なつ","лето",""
"word","L8","何か","なにか","что-нибудь",""
"word","L8","","パーティー","вечеринка",""
"word","L8","","バーベキュー","барбекю",""
"word","L8","","はし","палочки для еды",""
"word","L8","冬","ふゆ","зима",""
"word","L8","","ホームステイ","проживание в семье",""
"word","L8","毎週","まいしゅう","каждую неделю",""
"word","L8","来月","らいがつ","следующий месяц",""
"word","L8","上手","じょうず(な)","умелый; хорошо уметь",""
"word","L8","下手","へた(な)","неловкий; плохо уметь",""
"word","L8","有名","ゆうめい(な)","известный",""
"word","L8","雨が降る","あめがふる","идёт дождь",""
"word","L8","洗う","あらう","мыть",""
"word","L8","言う","いう","говорить; сказать",""
"word","L8","","いる","нужно",""
"word","L8","遅くなる","おそくなる","опаздывать",""
"word","L8","思う","おもう","думать",""
"word","L8","切る","きる","резать",""
"word","L8","作る","つくる","делать; готовить",""
"word","L8","持っていく","もっていく","брать с собой",""
"word","L8","じろじろ見る","じろじろみる","пялиться",""
"word","L8","捨てる","すてる","выбрасывать",""
"word","L8","始める","はじめる","начинать",""
"word","L8","運転する","うんてんする","водить машину",""
"word","L8","洗濯する","せんたくする","стирать",""
"word","L8","掃除する","そうじする","убирать",""
"word","L8","電話する","でんわする","звонить",""
"word","L8","料理する","りょうりする","готовить",""
"word","L8","","いつも","всегда",""
"word","L8","","ううん","нет (разг.)",""
"word","L8","","うん","да (разг.)",""
"word","L8","乾杯","かんぱい","Ура! За...!",""
"word","L8","残念(ですね)","ざんねん(ですね)","Жаль.",""
"word","L8","","〜について","о...; касательно...",""
"word","L8","","まだ＋negative","ещё не",""
"word","L8","","みんなで","все вместе",""
"word","L9","いい子","いいこ","хороший ребёнок",""
"word","L9","色","いろ","цвет",""
"word","L9","お弁当","おべんとう","ланч-бокс",""
"word","L9","歌舞伎","かぶき","кабуки",""
"word","L9","","ギター","гитара",""
"word","L9","去年","きょねん","в прошлом году",""
"word","L9","薬","くすり","лекарство",""
"word","L9","薬を飲む","くすりをのむ","принимать лекарство",""
"word","L9","","コンサート","концерт",""
"word","L9","今度","こんど","в следующий раз",""
"word","L9","作文","さくぶん","сочинение",""
"word","L9","試験","しけん","экзамен",""
"word","L9","","スキー","лыжи",""
"word","L9","先月","せんがつ","в прошлом месяце",""
"word","L9","単語","たんご","слово; словарный запас",""
"word","L9","","ピアノ","пианино",""
"word","L9","","ピザ","пицца",""
"word","L9","病気","びょうき","болезнь",""
"word","L9","青い","あおい","синий",""
"word","L9","赤い","あかい","красный",""
"word","L9","黒い","くろい","чёрный",""
"word","L9","寂しい","さびしい","одинокий",""
"word","L9","白い","しろい","белый",""
"word","L9","若い","わかい","молодой",""
"word","L9","意地悪","いじわる(な)","злобный",""
"word","L9","踊る","おどる","танцевать",""
"word","L9","終わる","おわる","заканчиваться",""
"word","L9","人気がある","にんきがある","быть популярным",""
"word","L9","始まる","はじまる","начинаться",""
"word","L9","弾く","ひく","играть на (инструменте)",""
"word","L9","","もらう","получать",""
"word","L9","覚える","おぼえる","запоминать",""
"word","L9","出る","でる","выходить; появляться",""
"word","L9","運動する","うんどうする","заниматься спортом",""
"word","L9","散歩する","さんぽする","гулять",""
"word","L9","","〜から","от...",""
"word","L9","是非","ぜひ","обязательно",""
"word","L9","","ところで","кстати",""
"word","L9","","みんな","все",""
"word","L9","","もう","уже",""
"word","L9","一つ","ひとつ","один",""
"word","L9","二つ","ふたつ","два",""
"word","L9","三つ","みっつ","три",""
"word","L9","四つ","よっつ","четыре",""
"word","L9","五つ","いつつ","пять",""
"word","L9","六つ","むっつ","шесть",""
"word","L9","七つ","ななつ","семь",""
"word","L9","八つ","やっつ","восемь",""
"word","L9","九つ","ここのつ","девять",""
"word","L9","十","とお","десять",""
"word","L10","秋","あき","осень",""
"word","L10","駅","えき","станция",""
"word","L10","お金持ち","おかねもち","богатый человек",""
"word","L10","顔","かお","лицо",""
"word","L10","季節","きせつ","сезон",""
"word","L10","牛乳","ぎゅうにゅう","молоко",""
"word","L10","","クレジットカード","кредитная карточка",""
"word","L10","","ケーキ","торт",""
"word","L10","今年","ことし","в этом году",""
"word","L10","","サッカー","футбол",""
"word","L10","","シャツ","рубашка",""
"word","L10","新幹線","しんかんせん","Синкансэн",""
"word","L10","寿司","すし","суши",""
"word","L10","生活","せいかつ","жизнь",""
"word","L10","世界","せかい","мир",""
"word","L10","地下鉄","ちかてつ","метро",""
"word","L10","手袋","てぶくろ","перчатки",""
"word","L10","天ぷら","てんぷら","темпура",""
"word","L10","床屋","とこや","парикмахерская",""
"word","L10","春","はる","весна",""
"word","L10","","パンツ","брюки",""
"word","L10","美容院","びよういん","салон красоты",""
"word","L10","便","びん","рейс",""
"word","L10","船","ふね","корабль",""
"word","L10","野球","やきゅう","бейсбол",""
"word","L10","有名人","ゆうめいじん","знаменитость",""
"word","L10","予約","よやく","бронирование",""
"word","L10","来学期","らいがっき","следующий семестр",""
"word","L10","","りんご","яблоко",""
"word","L10","暖かい","あたたかい","тёплый",""
"word","L10","遅い","おそい","медленный; поздний",""
"word","L10","涼しい","すずしい","прохладный",""
"word","L10","冷たい","つめたい","холодный",""
"word","L10","眠い","ねむい","сонный",""
"word","L10","簡単","かんたん(な)","лёгкий; простой",""
"word","L10","","かかる","занимать (время/деньги)",""
"word","L10","泊まる","とまる","останавливаться",""
"word","L10","","なる","становиться",""
"word","L10","払う","はらう","платить",""
"word","L10","決める","きめる","решать",""
"word","L10","旅行する","りょこうする","путешествовать",""
"word","L10","練習する","れんしゅうする","тренироваться",""
"word","L10","歩いて","あるいて","пешком",""
"word","L10","一番","いちばん","лучший",""
"word","L10","","〜か〜","или",""
"word","L10","〜か月","〜かげつ","...месяцев",""
"word","L10","〜後","〜ご","через...",""
"word","L10","","このごろ","в последнее время",""
"word","L10","〜週間","〜しゅうかん","...недель",""
"word","L10","","〜で","на (транспорте)",""
"word","L10","","どうやって","как; каким образом",""
"word","L10","","どちら","который (из двух)",""
"word","L10","","どっち","который (разг.)",""
"word","L10","","どのぐらい","как долго; сколько",""
"word","L10","〜年","〜ねん","...лет",""
"word","L10","早く／速く","はやく","рано; быстро",""
"word","L11","お菓子","おかし","закуска; сладости",""
"word","L11","お正月","おしょうがつ","Новый год",""
"word","L11","男の子","おとこのこ","мальчик",""
"word","L11","お祭り","おまつり","праздник",""
"word","L11","","おもちゃ","игрушка",""
"word","L11","温泉","おんせん","термальный источник",""
"word","L11","女の子","おんなのこ","девочка",""
"word","L11","外国","がいこく","иностранное государство",""
"word","L11","歌手","かしゅ","певец",""
"word","L11","川","かわ","река",""
"word","L11","","キャンプ","лагерь",""
"word","L11","","こちら","этот человек (вежл.)",""
"word","L11","今学期","こんがっき","в этом семестре",""
"word","L11","社長","しゃちょう","президент компании",""
"word","L11","授業","じゅぎょう","урок; лекция",""
"word","L11","将来","しょうらい","будущее",""
"word","L11","神社","じんじゃ","синтоистское святилище",""
"word","L11","","つり","рыбалка",""
"word","L11","","ドライブ","поездка на машине",""
"word","L11","","ビール","пиво",""
"word","L11","美術館","びじゅつかん","художественный музей",""
"word","L11","","ホストファミリー","принимающая семья",""
"word","L11","湖","みずうみ","озеро",""
"word","L11","山","やま","гора",""
"word","L11","夢","ゆめ","мечта",""
"word","L11","","ルームメート","сосед по комнате",""
"word","L11","","うそをつく","лгать",""
"word","L11","","おなかがすく","проголодаться",""
"word","L11","飼う","かう","держать питомца",""
"word","L11","","サボる","прогуливать",""
"word","L11","取る","とる","посещать; получить",""
"word","L11","習う","ならう","учиться",""
"word","L11","登る","のぼる","подниматься",""
"word","L11","働く","はたらく","работать",""
"word","L11","疲れる","つかれる","устать",""
"word","L11","","やめる","бросать; уходить",""
"word","L11","","けんかする","ссориться",""
"word","L11","紹介する","しょうかいする","представлять",""
"word","L11","","ダイエットする","сидеть на диете",""
"word","L11","遅刻する","ちこくする","опаздывать",""
"word","L11","留学する","りゅうがくする","учиться за рубежом",""
"word","L11","後","あと","после",""
"word","L11","出身","しゅっしん","родом из",""
"word","L11","","そして","и затем",""
"word","L11","","〜だけ","только...",""
"word","L11","〜点","〜てん","...очков",""
"word","L11","久しぶり","ひさしぶり","давно не виделись",""
"word","L11","","まあまあ","так себе",""
"word","L11","","もっと","ещё",""
"word","L12","足","あし","нога",""
"word","L12","意味","いみ","значение",""
"word","L12","お手洗い","おてあらい","туалет",""
"word","L12","","おなか","живот",""
"word","L12","風邪","かぜ","простуда",""
"word","L12","彼女","かのじょ","девушка",""
"word","L12","彼","かれ","парень",""
"word","L12","気温","きおん","температура воздуха",""
"word","L12","曇り","くもり","облачно",""
"word","L12","試合","しあい","матч",""
"word","L12","","ジュース","сок",""
"word","L12","成績","せいせき","оценка",""
"word","L12","","せき","кашель",""
"word","L12","","のど","горло",""
"word","L12","歯","は","зуб",""
"word","L12","花","はな","цветок",""
"word","L12","晴れ","はれ","солнечно",""
"word","L12","服","ふく","одежда",""
"word","L12","二日酔い","ふつかよい","похмелье",""
"word","L12","","プレゼント","подарок",""
"word","L12","","ホームシック","тоска по дому",""
"word","L12","","マイナス","минус",""
"word","L12","物","もの","вещь",""
"word","L12","雪","ゆき","снег",""
"word","L12","用事","ようじ","дела",""
"word","L12","甘い","あまい","сладкий",""
"word","L12","痛い","いたい","больной",""
"word","L12","多い","おおい","много...",""
"word","L12","狭い","せまい","тесный",""
"word","L12","都合が悪い","つごうがわるい","неудобный; занят",""
"word","L12","悪い","わるい","плохой",""
"word","L12","素敵","すてき(な)","замечательный",""
"word","L12","歩く","あるく","ходить пешком",""
"word","L12","風邪をひく","かぜをひく","простудиться",""
"word","L12","興味がある","きょうみがある","интересоваться",""
"word","L12","","なくす","потерять",""
"word","L12","熱がある","ねつがある","быть в температуре",""
"word","L12","のどが渇く","のどがかわく","хотеть пить",""
"word","L12","せきが出る","せきがでる","кашлять",""
"word","L12","別れる","わかれる","расставаться",""
"word","L12","緊張する","きんちょうする","нервничать",""
"word","L12","心配する","しんぱいする","беспокоиться",""
"word","L12","お大事に","おだいじに","Поправляйтесь.",""
"word","L12","元気がない","げんきがない","выглядит нехорошо",""
"word","L12","多分","たぶん","наверное",""
"word","L12","","できるだけ","по возможности",""
"word","L12","","〜でしょう","наверно; ведь правда?",""
"word","L12","〜度","〜ど","...градусов",""
"word","L12","二三日","にさんにち","два-три дня",""
"word","L12","","〜ので","потому что...",""
"word","L12","初めて","はじめて","впервые",""
"word","L12","","もうすぐ","скоро; совсем скоро",""
"kanji","L1","日","","",""
"kanji","L1","学","","",""
"kanji","L1","人","","",""
"kanji","L1","大","","",""
"kanji","L1","生","","",""
"kanji","L1","今","","",""
"kanji","L1","話","","",""
"kanji","L1","電","","",""
"kanji","L1","後","","",""
"kanji","L1","国","","",""
"kanji","L1","会","","",""
"kanji","L1","時","","",""
"kanji","L1","本","","",""
"kanji","L1","文","","",""
"kanji","L1","事","","",""
"kanji","L1","社","","",""
"kanji","L1","番","","",""
"kanji","L1","語","","",""
"kanji","L1","先","","",""
"kanji","L1","年","","",""
"kanji","L1","留","","",""
"kanji","L1","中","","",""
"kanji","L1","院","","",""
"kanji","L1","高","","",""
"kanji","L1","校","","",""
"kanji","L1","名","","",""
"kanji","L1","何","","",""
"kanji","L1","者","","",""
"kanji","L1","兄","","",""
"kanji","L1","前","","",""
"kanji","L1","類","","",""
"kanji","L1","政","","",""
"kanji","L1","員","","",""
"kanji","L1","弁","","",""
"kanji","L1","姉","","",""
"kanji","L1","弟","","",""
"kanji","L1","英","","",""
"kanji","L1","午","","",""
"kanji","L1","号","","",""
"kanji","L1","私","","",""
"kanji","L1","科","","",""
"kanji","L1","経","","",""
"kanji","L1","際","","",""
"kanji","L1","係","","",""
"kanji","L1","治","","",""
"kanji","L1","歴","","",""
"kanji","L1","仕","","",""
"kanji","L1","医","","",""
"kanji","L1","主","","",""
"kanji","L1","婦","","",""
"kanji","L1","護","","",""
"kanji","L1","士","","",""
"kanji","L1","母","","",""
"kanji","L1","父","","",""
"kanji","L1","妹","","",""
"kanji","L1","歳","","",""
"kanji","L1","専","","",""
"kanji","L1","攻","","",""
"kanji","L1","友","","",""
"kanji","L1","半","","",""
"kanji","L1","韓","","",""
"kanji","L1","済","","",""
"kanji","L1","関","","",""
"kanji","L1","史","","",""
"kanji","L2","子","","",""
"kanji","L2","書","","",""
"kanji","L2","行","","",""
"kanji","L2","自","","",""
"kanji","L2","聞","","",""
"kanji","L2","館","","",""
"kanji","L2","転","","",""
"kanji","L2","車","","",""
"kanji","L2","新","","",""
"kanji","L2","計","","",""
"kanji","L2","茶","","",""
"kanji","L2","店","","",""
"kanji","L2","便","","",""
"kanji","L2","野","","",""
"kanji","L2","靴","","",""
"kanji","L2","辞","","",""
"kanji","L2","図","","",""
"kanji","L2","魚","","",""
"kanji","L2","肉","","",""
"kanji","L2","菜","","",""
"kanji","L2","鉛","","",""
"kanji","L2","筆","","",""
"kanji","L2","傘","","",""
"kanji","L2","財","","",""
"kanji","L2","布","","",""
"kanji","L2","帽","","",""
"kanji","L2","喫","","",""
"kanji","L2","銀","","",""
"kanji","L2","郵","","",""
"kanji","L2","局","","",""
"kanji","L2","円","","",""
"kanji","L3","家","","",""
"kanji","L3","曜","","",""
"kanji","L3","来","","",""
"kanji","L3","週","","",""
"kanji","L3","見","","",""
"kanji","L3","朝","","",""
"kanji","L3","画","","",""
"kanji","L3","楽","","",""
"kanji","L3","飯","","",""
"kanji","L3","明","","",""
"kanji","L3","毎","","",""
"kanji","L3","食","","",""
"kanji","L3","晩","","",""
"kanji","L3","飲","","",""
"kanji","L3","寝","","",""
"kanji","L3","全","","",""
"kanji","L3","映","","",""
"kanji","L3","音","","",""
"kanji","L3","昼","","",""
"kanji","L3","水","","",""
"kanji","L3","末","","",""
"kanji","L3","土","","",""
"kanji","L3","起","","",""
"kanji","L3","強","","",""
"kanji","L3","早","","",""
"kanji","L3","雑","","",""
"kanji","L3","誌","","",""
"kanji","L3","酒","","",""
"kanji","L3","頃","","",""
"kanji","L3","帰","","",""
"kanji","L3","読","","",""
"kanji","L3","勉","","",""
"kanji","L3","然","","",""
"kanji","L4","手","","",""
"kanji","L4","一","","",""
"kanji","L4","物","","",""
"kanji","L4","間","","",""
"kanji","L4","月","","",""
"kanji","L4","屋","","",""
"kanji","L4","金","","",""
"kanji","L4","病","","",""
"kanji","L4","待","","",""
"kanji","L4","買","","",""
"kanji","L4","紙","","",""
"kanji","L4","園","","",""
"kanji","L4","昨","","",""
"kanji","L4","火","","",""
"kanji","L4","木","","",""
"kanji","L4","椅","","",""
"kanji","L4","犬","","",""
"kanji","L4","産","","",""
"kanji","L4","供","","",""
"kanji","L4","写","","",""
"kanji","L4","真","","",""
"kanji","L4","机","","",""
"kanji","L4","猫","","",""
"kanji","L4","寺","","",""
"kanji","L4","公","","",""
"kanji","L4","停","","",""
"kanji","L4","町","","",""
"kanji","L4","撮","","",""
"kanji","L5","気","","",""
"kanji","L5","出","","",""
"kanji","L5","切","","",""
"kanji","L5","旅","","",""
"kanji","L5","部","","",""
"kanji","L5","天","","",""
"kanji","L5","休","","",""
"kanji","L5","小","","",""
"kanji","L5","元","","",""
"kanji","L5","海","","",""
"kanji","L5","葉","","",""
"kanji","L5","熱","","",""
"kanji","L5","面","","",""
"kanji","L5","白","","",""
"kanji","L5","安","","",""
"kanji","L5","嫌","","",""
"kanji","L5","好","","",""
"kanji","L5","乗","","",""
"kanji","L5","夫","","",""
"kanji","L5","符","","",""
"kanji","L5","宿","","",""
"kanji","L5","題","","",""
"kanji","L5","誕","","",""
"kanji","L5","飛","","",""
"kanji","L5","機","","",""
"kanji","L5","僕","","",""
"kanji","L5","暑","","",""
"kanji","L5","忙","","",""
"kanji","L5","怖","","",""
"kanji","L5","寒","","",""
"kanji","L5","古","","",""
"kanji","L5","難","","",""
"kanji","L5","静","","",""
"kanji","L5","暇","","",""
"kanji","L5","泳","","",""
"kanji","L5","緒","","",""
"kanji","L5","丈","","",""
"kanji","L5","枚","","",""
"kanji","L6","風","","",""
"kanji","L6","遅","","",""
"kanji","L6","入","","",""
"kanji","L6","当","","",""
"kanji","L6","持","","",""
"kanji","L6","返","","",""
"kanji","L6","伝","","",""
"kanji","L6","連","","",""
"kanji","L6","結","","",""
"kanji","L6","呂","","",""
"kanji","L6","字","","",""
"kanji","L6","教","","",""
"kanji","L6","夜","","",""
"kanji","L6","変","","",""
"kanji","L6","急","","",""
"kanji","L6","消","","",""
"kanji","L6","立","","",""
"kanji","L6","開","","",""
"kanji","L6","降","","",""
"kanji","L6","閉","","",""
"kanji","L6","漢","","",""
"kanji","L6","市","","",""
"kanji","L6","民","","",""
"kanji","L6","次","","",""
"kanji","L6","荷","","",""
"kanji","L6","窓","","",""
"kanji","L6","遊","","",""
"kanji","L6","死","","",""
"kanji","L6","座","","",""
"kanji","L6","吸","","",""
"kanji","L6","使","","",""
"kanji","L6","借","","",""
"kanji","L6","浴","","",""
"kanji","L6","忘","","",""
"kanji","L6","構","","",""
"kanji","L7","二","","",""
"kanji","L7","歌","","",""
"kanji","L7","女","","",""
"kanji","L7","親","","",""
"kanji","L7","知","","",""
"kanji","L7","着","","",""
"kanji","L7","男","","",""
"kanji","L7","目","","",""
"kanji","L7","長","","",""
"kanji","L7","婚","","",""
"kanji","L7","別","","",""
"kanji","L7","髪","","",""
"kanji","L7","口","","",""
"kanji","L7","背","","",""
"kanji","L7","低","","",""
"kanji","L7","速","","",""
"kanji","L7","族","","",""
"kanji","L7","堂","","",""
"kanji","L7","眼","","",""
"kanji","L7","鏡","","",""
"kanji","L7","頭","","",""
"kanji","L7","短","","",""
"kanji","L7","利","","",""
"kanji","L7","住","","",""
"kanji","L7","太","","",""
"kanji","L7","勤","","",""
"kanji","L8","下","","",""
"kanji","L8","予","","",""
"kanji","L8","言","","",""
"kanji","L8","雨","","",""
"kanji","L8","空","","",""
"kanji","L8","上","","",""
"kanji","L8","洗","","",""
"kanji","L8","運","","",""
"kanji","L8","料","","",""
"kanji","L8","黒","","",""
"kanji","L8","所","","",""
"kanji","L8","有","","",""
"kanji","L8","思","","",""
"kanji","L8","作","","",""
"kanji","L8","始","","",""
"kanji","L8","理","","",""
"kanji","L8","残","","",""
"kanji","L8","板","","",""
"kanji","L8","報","","",""
"kanji","L8","夏","","",""
"kanji","L8","冬","","",""
"kanji","L8","捨","","",""
"kanji","L8","濯","","",""
"kanji","L8","掃","","",""
"kanji","L8","除","","",""
"kanji","L8","乾","","",""
"kanji","L8","杯","","",""
"kanji","L8","念","","",""
"kanji","L9","悪","","",""
"kanji","L9","度","","",""
"kanji","L9","地","","",""
"kanji","L9","試","","",""
"kanji","L9","験","","",""
"kanji","L9","意","","",""
"kanji","L9","動","","",""
"kanji","L9","歩","","",""
"kanji","L9","三","","",""
"kanji","L9","薬","","",""
"kanji","L9","単","","",""
"kanji","L9","赤","","",""
"kanji","L9","踊","","",""
"kanji","L9","終","","",""
"kanji","L9","覚","","",""
"kanji","L9","四","","",""
"kanji","L9","五","","",""
"kanji","L9","六","","",""
"kanji","L9","七","","",""
"kanji","L9","八","","",""
"kanji","L9","九","","",""
"kanji","L9","十","","",""
"kanji","L9","色","","",""
"kanji","L9","舞","","",""
"kanji","L9","伎","","",""
"kanji","L9","去","","",""
"kanji","L9","青","","",""
"kanji","L9","寂","","",""
"kanji","L9","若","","",""
"kanji","L9","弾","","",""
"kanji","L9","散","","",""
"kanji","L9","是","","",""
"kanji","L9","非","","",""
"kanji","L10","習","","",""
"kanji","L10","約","","",""
"kanji","L10","世","","",""
"kanji","L10","期","","",""
"kanji","L10","駅","","",""
"kanji","L10","顔","","",""
"kanji","L10","活","","",""
"kanji","L10","美","","",""
"kanji","L10","冷","","",""
"kanji","L10","決","","",""
"kanji","L10","秋","","",""
"kanji","L10","季","","",""
"kanji","L10","節","","",""
"kanji","L10","牛","","",""
"kanji","L10","乳","","",""
"kanji","L10","幹","","",""
"kanji","L10","線","","",""
"kanji","L10","寿","","",""
"kanji","L10","司","","",""
"kanji","L10","界","","",""
"kanji","L10","鉄","","",""
"kanji","L10","袋","","",""
"kanji","L10","床","","",""
"kanji","L10","春","","",""
"kanji","L10","容","","",""
"kanji","L10","船","","",""
"kanji","L10","球","","",""
"kanji","L10","暖","","",""
"kanji","L10","涼","","",""
"kanji","L10","眠","","",""
"kanji","L10","簡","","",""
"kanji","L10","泊","","",""
"kanji","L10","払","","",""
"kanji","L10","練","","",""
"kanji","L11","業","","",""
"kanji","L11","外","","",""
"kanji","L11","授","","",""
"kanji","L11","温","","",""
"kanji","L11","神","","",""
"kanji","L11","取","","",""
"kanji","L11","疲","","",""
"kanji","L11","菓","","",""
"kanji","L11","正","","",""
"kanji","L11","祭","","",""
"kanji","L11","泉","","",""
"kanji","L11","川","","",""
"kanji","L11","将","","",""
"kanji","L11","術","","",""
"kanji","L11","湖","","",""
"kanji","L11","山","","",""
"kanji","L11","夢","","",""
"kanji","L11","飼","","",""
"kanji","L11","登","","",""
"kanji","L11","働","","",""
"kanji","L11","紹","","",""
"kanji","L11","介","","",""
"kanji","L11","刻","","",""
"kanji","L11","身","","",""
"kanji","L11","点","","",""
"kanji","L11","久","","",""
"kanji","L12","合","","",""
"kanji","L12","分","","",""
"kanji","L12","味","","",""
"kanji","L12","張","","",""
"kanji","L12","足","","",""
"kanji","L12","邪","","",""
"kanji","L12","彼","","",""
"kanji","L12","成","","",""
"kanji","L12","晴","","",""
"kanji","L12","多","","",""
"kanji","L12","心","","",""
"kanji","L12","配","","",""
"kanji","L12","曇","","",""
"kanji","L12","績","","",""
"kanji","L12","歯","","",""
"kanji","L12","花","","",""
"kanji","L12","服","","",""
"kanji","L12","酔","","",""
"kanji","L12","雪","","",""
"kanji","L12","用","","",""
"kanji","L12","甘","","",""
"kanji","L12","痛","","",""
"kanji","L12","狭","","",""
"kanji","L12","都","","",""
"kanji","L12","素","","",""
"kanji","L12","敵","","",""
"kanji","L12","興","","",""
"kanji","L12","渇","","",""
"kanji","L12","緊","","",""
"kanji","L12","初","","",""
"grammar","L1","は","","Частица темы: помечает то, о чём идёт речь. Ставится после существительного. 私は学生です — «Что касается меня — я студент». Часто соответствует русскому «а вот…».","N は ..."
"grammar","L8","が","","Частица подлежащего: указывает, кто/что именно выполняет действие или о ком новая информация. Отвечает на «кто/что?»: 誰が来ましたか — «Кто пришёл?». Также с глаголами ある/いる и прилагательными типа 好き.","N が ..."
"grammar","L3","を","","Частица прямого дополнения: показывает объект действия. 本を読む — «читать книгу». С глаголами движения может обозначать место, по которому идут: 公園を歩く.","N を V"
"grammar","L3","に","","Многозначная частица: направление/цель (学校に行く), точное время (3時に), место существования (机の上にある), адресат действия (友だちに話す).","N に V / N に あります・います"
"grammar","L3","で","","Частица места действия (レストランで食べる) и средства/способа (バスで行く, 日本語で話す). Не путать с に — に про точку, で про процесс.","N で V"
"grammar","L3","へ","","Частица направления с глаголами движения (行く・来る・帰る): 日本へ行く. Близка к に в значении направления, читается «э».","N へ 行く・来る・帰る"
"grammar","L1","の","","Частица притяжания/связи существительных: 私の本 «моя книга», 日本語の先生 «преподаватель японского». Может заменять существительное: 赤いの «красное (что-то)».","N1 の N2"
"grammar","L2","も","","Частица «тоже/также»: заменяет は/が/を. 私も学生です — «Я тоже студент».","N も ..."
"grammar","L2","も (отрицание)","","も с отрицанием — «тоже не / совсем не»: 何も食べない «ничего не ем», 私も行かない «я тоже не пойду».","N も + отрицание"
"grammar","L2","ね","","Финальная частица согласия/подтверждения, ждёт реакции собеседника: いい天気ですね — «Хорошая погода, да?».","... ね"
"grammar","L2","よ","","Финальная частица: сообщает новое или подчёркивает, обращает внимание собеседника. その映画は面白いよ — «Этот фильм интересный (уверяю)».","... よ"
"grammar","L4","が (но)","","Союз в середине предложения — «но/однако/а»: 高いですが、買います «Дорого, но куплю». Также мягкое вступление.","S が S"
"grammar","L4","〜から〜まで","","«От … до …» по времени и месту: 9時から5時まで, 東京から大阪まで.","N から N まで"
"grammar","L4","〜や〜など","","Неполное перечисление «… и … и тому подобное»: 本やノートなどを買った. や соединяет примеры, など = «и т.д.».","N や N など"
"grammar","L4","〜の中 / 上 / 下","","Позиционные существительные с の: 箱の中 «в коробке», 机の上 «на столе», いすの下 «под стулом».","N の 中 / 上 / 下"
"grammar","L1","です","","Связка вежливого стиля «быть/являться» с существительными и な-прилагательными: 学生です, 元気です. Отрицание — じゃないです.","N / な-adj + です"
"grammar","L1","じゃないです","","Вежливое отрицание сущ./な-прил.: 学生じゃないです «не студент». Более формально — ではありません.","N / な-adj + じゃないです"
"grammar","L3","Vます","","Вежливая форма настоящего/будущего: 食べます, 行きます. Выражает привычку, факт или намерение.","V(い) + ます"
"grammar","L3","Vません","","Вежливое отрицание глагола: 食べません «не ем/не буду есть».","V(い) + ません"
"grammar","L4","Vました","","Вежливое прошедшее: 食べました «поел». Утвердительное действие в прошлом.","V(い) + ました"
"grammar","L4","Vませんでした","","Вежливое прошедшее отрицание: 行きませんでした «не пошёл».","V(い) + ませんでした"
"grammar","L8","Vる","","Словарная (простая) форма глагола: 食べる, 行く. Используется в неформальной речи и перед многими конструкциями.","V(う)"
"grammar","L8","Vない","","Простая отрицательная форма: 食べない, 行かない. Основа для многих грамматик (ないでください и др.).","V(あ) + ない"
"grammar","L7","〜に行く","","«Идти/приходить, чтобы (с)делать»: основа ます + に + 行く/来る/帰る. 映画を見に行く «идти смотреть кино». С отглагольными сущ. — 買い物に行く.","V(い) + に行く"
"grammar","L3","〜ませんか","","Вежливое приглашение «не …ли?»: 一緒に食べませんか «Не поедим вместе?». Звучит мягко и предупредительно.","V(い) + ませんか"
"grammar","L5","〜ましょう","","Призыв «давай(те) …»: 行きましょう «пойдёмте». Предложение совместного действия.","V(い) + ましょう"
"grammar","L5","〜ましょうか","","«Давай я …? / Сделать …?» — предложение помощи или уточнение: 窓を開けましょうか «Открыть окно?».","V(い) + ましょうか"
"grammar","L6","〜てください","","Вежливая просьба/указание «сделайте …»: て-форма + ください. 待ってください «подождите, пожалуйста».","V(て) + ください"
"grammar","L6","〜てもいいです","","Разрешение «можно …»: て-форма + もいいです. 入ってもいいですか «Можно войти?».","V(て) + もいいです"
"grammar","L6","〜てはいけません","","Запрет «нельзя …»: て-форма + はいけません. ここで写真を撮ってはいけません «Здесь нельзя фотографировать».","V(て) + はいけません"
"grammar","L7","〜ている","","て-форма + いる: длящееся действие сейчас (食べている «ем сейчас») или состояние/результат (結婚している «женат»).","V(て) + いる"
"grammar","L6","〜てから","","«После того как …»: て-форма + から. 宿題をしてから、寝る «Сделав уроки, ложусь спать». Подчёркивает последовательность.","V(て) + から"
"grammar","L8","〜ないでください","","Вежливая просьба не делать: ない-форма + でください. 心配しないでください «Не волнуйтесь».","V(あ) + ないでください"
"grammar","L12","〜なければいけません","","Долженствование «нужно/обязан»: убрать い у ない + ければいけません. 行かなければいけません «надо идти». Разговорно — なきゃ.","V(あ) + なければいけません"
"grammar","L9","〜た","","Простое прошедшее (та-форма): 食べた, 行った. Основа для конструкций たり, たことがある и др.","V(た)"
"grammar","L11","〜たり〜たりする","","Перечисление действий-примеров «то …, то …»: та-форма + り. 週末は寝たり、本を読んだりする.","V(た) + り V(た) + りする"
"grammar","L11","〜ことがある","","«Случалось/был опыт»: та-форма + ことがある. 日本へ行ったことがある «бывал в Японии». С Vる — «бывает, что…».","V(た) + ことがある"
"grammar","L8","〜前に","","«Перед тем как …»: Vる + 前に, либо сущ. + の前に. 食べる前に手を洗う «перед едой мою руки».","V(う) / N の 前に"
"grammar","L8","〜後で","","«После того как …»: та-форма + 後で, сущ. + の後で. 食べた後で、散歩する.","V(た) + 後で"
"grammar","L8","〜ながら","","Два одновременных действия одним лицом: основа ます + ながら. 音楽を聞きながら勉強する «учусь, слушая музыку».","V(い) + ながら"
"grammar","L9","〜まだ〜ていません","","«Ещё не …»: まだ + て-форма + いません. まだ食べていません «ещё не поел».","まだ V(て)いません"
"grammar","L11","〜たい","","Желание говорящего «хочу …»: основа ます + たい (спрягается как い-прил.). 食べたい «хочу есть», 行きたかった «хотел пойти».","V(い) + たいです"
"grammar","L10","〜つもりです","","Намерение/план «собираюсь …»: Vる + つもりです. 来年日本へ行くつもりです.","V(う) + つもりです"
"grammar","L12","〜ほうがいいです","","Совет «лучше …»: та-форма + ほうがいい (совет сделать) или ない + ほうがいい (не делать). 休んだほうがいいです.","V(た / ない) + ほうがいいです"
"grammar","L12","〜すぎる","","«Слишком/чрезмерно»: основа ます или основа прил. + すぎる. 食べすぎる «переедать», 高すぎる «слишком дорого».","V(い) / adj + すぎる"
"grammar","L10","〜くなる","","Изменение с い-прил.: い→く + なる. 寒くなる «становится холодно», 大きくなった «вырос».","い → くなる"
"grammar","L10","〜になる","","Изменение с сущ./な-прил.: + に + なる. 先生になる «стать учителем», 静かになる «стать тихим».","N / な + になる"
"grammar","L8","〜と思います","","«Я думаю, что …»: простая форма + と思います. 明日は晴れると思います.","S + とおもいます"
"grammar","L8","〜と言っていました","","Передача чужих слов «… говорил(а), что …»: простая форма + と言っていました. 田中さんは来ると言っていました.","S + と言っていました"
"grammar","L12","〜んです","","Пояснение/причина/эмоция (разг. のだ): простая форма (+ な у сущ./な-прил.) + んです. 頭が痛いんです «дело в том, что болит голова».","S + んです"
"grammar","L12","〜でしょう","","Предположение «наверное/вероятно»: простая форма + でしょう. 明日は雨でしょう.","S + でしょう"
"grammar","L4","〜があります","","Существование неодушевлённого «есть/имеется»: N + が + あります. 質問があります «есть вопрос».","N が あります"
"grammar","L4","〜います","","Существование одушевлённого «есть/находится»: N + が + います. 猫がいます «есть кот».","N が います"
"grammar","L5","〜が好きです","","«Нравится …»: объект симпатии помечается が. 音楽が好きです. Сильнее — 大好き.","N が好きです"
"grammar","L7","〜が上手です","","«Хорошо умеет …»: N + が + 上手です. 日本語が上手ですね. Про себя скромнее не говорят.","N が上手です"
"grammar","L5","い-adjective","","い-прилагательные: оканчиваются на い, определяют сущ. напрямую (高い山) и могут быть сказуемым (高いです).","い → いです"
"grammar","L5","な-adjective","","な-прилагательные: перед сущ. + な (静かな町), как сказуемое + です (静かです).","な + です"
"grammar","L5","い-adj (past)","","Прошедшее い-прил.: い→かった(です). 高かったです «было дорого».","い → かったです"
"grammar","L5","な-adj (past)","","Прошедшее な-прил./сущ.: + でした. 静かでした «было тихо».","でした"
"grammar","L5","い-adj (negative)","","Отрицание い-прил.: い→くない(です). 高くないです «недорого».","い → くないです"
"grammar","L5","な-adj (negative)","","Отрицание な-прил./сущ.: + じゃないです / ではありません. 静かじゃないです.","じゃないです"
"grammar","L10","〜より","","Сравнение «чем …»: A は B より … . 電車はバスより速い «поезд быстрее автобуса».","A より B"
"grammar","L10","〜のほうが","","«… больше/скорее»: B のほうが … . こっちのほうが安い «вот это дешевле». Часто в паре с より.","B のほうが"
"grammar","L10","〜どちら","","«Который из двух?»: A と B と、どちらが … . りんごとみかんと、どちらが好きですか.","どちら"
"grammar","L2","これ・それ・あれ","","Указательные местоимения-предметы: これ (у меня), それ (у тебя), あれ (вдали от обоих). これは何ですか.","これ / それ / あれ"
"grammar","L2","この・その・あの + N","","Указательные + существительное: この本, その人, あの店. Указывают на конкретный предмет.","この N"
"grammar","L2","だれ・なに","","Вопросительные «кто» (だれ) и «что» (なに/なん). だれですか, 何を食べますか.","だれ / なに"
"grammar","L2","どこ","","Вопрос места «где/куда»: トイレはどこですか. С direction — どこへ.","どこ"
"grammar","L2","いくら","","Вопрос о цене «сколько стоит»: これはいくらですか.","いくら"
"grammar","L2","〜つ","","Японский счёт предметов 1–10: 一つ, 二つ … 十. Универсальный счётчик без классификатора.","一つ、二つ..."
"grammar","L2","〜人","","Счётчик людей: 一人 (ひとり), 二人 (ふたり), 三人 (さんにん) и далее …にん.","一人、二人..."
"grammar","L12","〜たほうがいい","","Совет сделать: та-форма + ほうがいい. 早く寝たほうがいい.","V(た) + ほうがいい"
"grammar","L12","〜ないほうがいい","","Совет не делать: ない + ほうがいい. 無理しないほうがいい.","V(あ) + ないほうがいい"