"type","group","kanji","kana","translation_ru","translation_en","pattern"
"word","Jisho-N4","周り","まわり","","circumference; girth",""
"word","Jisho-N4","上げる","あげる","","to raise; to elevate",""
"word","Jisho-N4","腕","うで","","arm; ability; skill",""
"word","Jisho-N4","人形","にんぎょう","","doll; puppet; marionette",""
"word","Jisho-N4","文化","ぶんか","","culture; civilization; civilisation",""
"word","Jisho-N4","海岸","かいがん","","seashore; coast; seaside",""
"word","Jisho-N4","産業","さんぎょう","","industry; livelihood; occupation",""
"word","Jisho-N4","動物園","どうぶつえん","","zoo; zoological gardens",""
"word","Jisho-N4","美術館","びじゅつかん","","art museum; art gallery",""
"word","Jisho-N4","水道","すいどう","","water supply; water service; waterworks",""
"word","Jisho-N4","飛行場","ひこうじょう","","airfield; airport; aerodrome",""
"word","Jisho-N4","葡萄","ぶどう","","grape; grapevine",""
"word","Jisho-N4","事故","じこ","","accident; incident; trouble",""
"word","Jisho-N4","息子","むすこ","","son; penis",""
"word","Jisho-N4","生活","せいかつ","","life; living",""
"word","Jisho-N4","注意","ちゅうい","","attention; notice; heed",""
"word","Jisho-N4","女性","じょせい","","woman; female",""
"word","Jisho-N4","生きる","いきる","","to live; to exist",""
"word","Jisho-N4","船","ふね","","ship; boat; watercraft",""
"word","Jisho-N4","説明","せつめい","","explanation; exposition; description",""
"word","Jisho-N4","警察","けいさつ","","police; police officer",""
"word","Jisho-N4","危険","きけん","","danger; peril; hazard",""
"word","Jisho-N4","世界","せかい","","the world; society; the universe",""
"word","Jisho-N4","戦争","せんそう","","war; fighting; fierce competition",""
"word","Jisho-N4","小説","しょうせつ","","novel; story; (work of) fiction",""
"word","Jisho-N4","関係","かんけい","","relation; relationship; connection",""
"word","Jisho-N4","研究","けんきゅう","","research; study; investigation",""
"word","Jisho-N4","会議","かいぎ","","meeting; conference; session",""
"word","Jisho-N4","音","おと","","sound; noise",""
"word","Jisho-N4","普通","ふつう","","normal; ordinary; regular",""
"word","Jisho-N4","湖","みずうみ","","lake",""
"word","Jisho-N4","夢","ゆめ","","dream; hope; wish",""
"word","Jisho-N4","空港","くうこう","","airport",""
"word","Jisho-N4","数学","すうがく","","mathematics",""
"word","Jisho-N4","教育","きょういく","","education; schooling; training",""
"word","Jisho-N4","赤ちゃん","あかちゃん","","baby; infant",""
"word","Jisho-N4","自由","じゆう","","freedom; liberty",""
"word","Jisho-N4","火","ひ","","fire; flame; blaze",""
"word","Jisho-N4","森","もり","","forest; shrine grove",""
"word","Jisho-N4","法律","ほうりつ","","law; legislation; act",""
"word","Jisho-N4","気分","きぶん","","feeling; mood",""
"word","Jisho-N4","壁","かべ","","wall; partition",""
"word","Jisho-N4","田舎","いなか","","rural area; countryside; the sticks",""
"word","Jisho-N4","気","き","","spirit; mind; heart",""
"word","Jisho-N4","男性","だんせい","","man; male",""
"word","Jisho-N4","地震","じしん","","earthquake",""
"word","Jisho-N4","人口","じんこう","","population; common talk",""
"word","Jisho-N4","故障","こしょう","","fault; trouble; breakdown",""
"word","Jisho-N4","残念","ざんねん","","regrettable; unfortunate; disappointing",""
"word","Jisho-N4","島","しま","","island; one's territory (of a sex worker, organized crime gang, etc.); one's turf",""
"word","Jisho-N4","教会","きょうかい","","church; congregation",""
"word","Jisho-N4","歴史","れきし","","history",""
"word","Jisho-N4","社会","しゃかい","","society; public; community",""
"word","Jisho-N4","住所","じゅうしょ","","address (of a home, business, etc.); residence; domicile",""
"word","Jisho-N4","工場","こうじょう","","factory; plant; mill",""
"word","Jisho-N4","趣味","しゅみ","","hobby; pastime",""
"word","Jisho-N4","経済","けいざい","","economy; economics",""
"word","Jisho-N4","台風","たいふう","","typhoon; hurricane",""
"word","Jisho-N4","卒業","そつぎょう","","graduation; completion (of a course)",""
"word","Jisho-N4","雲","くも","","cloud",""
"word","Jisho-N4","光","ひかり","","light; illumination; ray",""
"word","Jisho-N4","贈り物","おくりもの","","present; gift",""
"word","Jisho-N4","科学","かがく","","science; to think about scientifically; to think in terms of science",""
"word","Jisho-N4","政治","せいじ","","politics; government",""
"word","Jisho-N4","特別","とくべつ","","special; particular; extraordinary",""
"word","Jisho-N4","水泳","すいえい","","swimming",""
"word","Jisho-N4","講義","こうぎ","","lecture",""
"word","Jisho-N4","指","ゆび","","finger; toe; digit",""
"word","Jisho-N4","生産","せいさん","","production; manufacture",""
"word","Jisho-N4","会話","かいわ","","conversation; talk; chat",""
"word","Jisho-N4","玩具","おもちゃ","","toy; (person or thing treated as a) plaything",""
"word","Jisho-N4","季節","きせつ","","season; time of year",""
"word","Jisho-N4","翻訳","ほんやく","","translation; deciphering; decoding",""
"word","Jisho-N4","貿易","ぼうえき","","(foreign) trade; (international) commerce; importing and exporting",""
"word","Jisho-N4","文学","ぶんがく","","literature",""
"word","Jisho-N4","葉","は","","leaf; blade (of grass); (pine) needle",""
"word","Jisho-N4","交通","こうつう","","traffic; transportation",""
"word","Jisho-N4","遊び","あそび","","play; playing; game",""
"word","Jisho-N4","道具","どうぐ","","tool; implement; instrument",""
"word","Jisho-N4","入学","にゅうがく","","admission (to a school or university); entrance; enrolment",""
"word","Jisho-N4","発音","はつおん","","pronunciation; production of sound",""
"word","Jisho-N4","指輪","ゆびわ","","(finger) ring",""
"word","Jisho-N4","医学","いがく","","medicine; medical science",""
"word","Jisho-N4","漫画","まんが","","cartoon; comic; comic strip",""
"word","Jisho-N4","鏡","かがみ","","mirror; looking-glass",""
"word","Jisho-N4","電報","でんぽう","","telegram",""
"word","Jisho-N4","校長","こうちょう","","principal; head teacher; headmaster",""
"word","Jisho-N4","市民","しみん","","citizen (of a country); citizenry",""
"word","Jisho-N4","郊外","こうがい","","suburb; residential area on the outskirt of a city; commuter belt",""
"word","Jisho-N4","国際","こくさい","","international; diplomatic intercourse",""
"word","Jisho-N4","砂","すな","","sand; grit; fine gravel",""
"word","Jisho-N4","手袋","てぶくろ","","glove; mitten; mitt",""
"word","Jisho-N4","日記","にっき","","diary; journal",""
"word","Jisho-N4","絹","きぬ","","silk",""
"word","Jisho-N4","文法","ぶんぽう","","grammar",""
"word","Jisho-N4","糸","いと","","thread; yarn; string",""
"word","Jisho-N4","神社","じんじゃ","","Shinto shrine",""
"word","Jisho-N4","駐車場","ちゅうしゃじょう","","parking lot; car park; carpark",""
"word","Jisho-N4","小学校","しょうがっこう","","primary school; elementary school; grade school",""
"word","Jisho-N4","西洋","せいよう","","the West; the Occident; Western countries",""
"word","Jisho-N4","先輩","せんぱい","","senior (at school, work, etc.); superior; elder",""
"word","Jisho-N4","注射","ちゅうしゃ","","injection; jab; shot",""
"word","Jisho-N4","坂","さか","","slope; incline; hill",""
"word","Jisho-N4","乗り物","のりもの","","vehicle; conveyance; (means of) transport",""
"word","Jisho-N4","旅館","りょかん","","ryokan; traditional Japanese inn",""
"word","Jisho-N4","林","はやし","","wood; woods; forest",""
"word","Jisho-N4","布団","ふとん","","futon; Japanese bedding consisting of a mattress and a duvet",""
"word","Jisho-N4","研究室","けんきゅうしつ","","laboratory; seminar room",""
"word","Jisho-N4","会議室","かいぎしつ","","conference room; council room",""
"word","Jisho-N4","柔道","じゅうどう","","judo",""
"word","Jisho-N4","中学校","ちゅうがっこう","","junior high school; middle school; lower secondary school",""
"word","Jisho-N4","高等学校","こうとうがっこう","","senior high school; high school",""
"word","Jisho-N4","花見","はなみ","","cherry blossom viewing; flower viewing",""
"word","Jisho-N4","公務員","こうむいん","","public employee; government employee; public-sector worker",""
"word","Jisho-N4","辞典","じてん","","dictionary; lexicon",""
"word","Jisho-N4","心","こころ","","mind; heart; spirit",""
"word","Jisho-N4","力","ちから","","force; strength; might",""
"word","Jisho-N4","喧嘩","けんか","","quarrel; brawl; fight",""
"word","Jisho-N4","天気予報","てんきよほう","","weather forecast; weather report",""
"word","Jisho-N4","髭","ひげ","","moustache; mustache; beard",""
"word","Jisho-N4","押入れ","おしいれ","","closet (built into the wall, usu. with sliding doors); (built-in) wardrobe",""
"word","Jisho-N4","味噌","みそ","","miso; fermented condiment usu. made from soybeans",""
"word","Jisho-N4","皆","みな","","everyone; everybody; all",""
"word","Jisho-N4","明日","あした","","tomorrow; near future",""
"word","Jisho-N4","掛ける","かける","","to hang up (e.g. a coat, a picture on the wall); to let hang; to suspend (from)",""
"word","Jisho-N4","降りる","おりる","","to descend (e.g. a mountain); to go down; to come down",""
"word","Jisho-N4","彼","かれ","","he; him",""
"word","Jisho-N4","客","きゃく","","guest; visitor",""
"word","Jisho-N4","祖父","そふ","","grandfather; old man",""
"word","Jisho-N4","高校","こうこう","","senior high school; high school",""
"word","Jisho-N4","近所","きんじょ","","neighbourhood; neighborhood; vicinity",""
"word","Jisho-N4","番組","ばんぐみ","","program (e.g. TV); programme",""
"word","Jisho-N4","見物","けんぶつ","","sightseeing; watching; viewing",""
"word","Jisho-N4","亜米利加","アメリカ","","(United States of) America; United States; US",""
"word","Jisho-N4","彼女","かのじょ","","she; her",""
"word","Jisho-N4","思う","おもう","","to think; to consider; to believe",""
"word","Jisho-N4","僕","ぼく","","I; me",""
"word","Jisho-N4","必要","ひつよう","","necessary; needed; essential",""
"word","Jisho-N4","見える","みえる","","to be seen; to be visible; to be in sight",""
"word","Jisho-N4","考える","かんがえる","","to think (about, of); to think over; to ponder",""
"word","Jisho-N4","為","ため","","good; advantage; benefit",""
"word","Jisho-N4","始める","はじめる","","to start; to begin; to commence",""
"word","Jisho-N4","受ける","うける","","to receive; to get",""
"word","Jisho-N4","美しい","うつくしい","","beautiful; pretty; lovely",""
"word","Jisho-N4","試験","しけん","","examination; exam; test",""
"word","Jisho-N4","親切","しんせつ","","kind; gentle; considerate",""
"word","Jisho-N4","失敗","しっぱい","","failure; mistake; blunder",""
"word","Jisho-N4","以上","いじょう","","not less than ...; ... and over; ... and above",""
"word","Jisho-N4","意見","いけん","","opinion; view; comment",""
"word","Jisho-N4","決して","けっして","","(not) ever; (not) by any means; (not) in the least",""
"word","Jisho-N4","十分","じゅうぶん","","enough; sufficient; plenty",""
"word","Jisho-N4","試合","しあい","","match; game; bout",""
"word","Jisho-N4","一生懸命","いっしょうけんめい","","very hard; with utmost effort; as hard as one can",""
"word","Jisho-N4","子","こ","","child; kid; teenager",""
"word","Jisho-N4","探す","さがす","","to search for; to look for; to hunt for",""
"word","Jisho-N4","急ぐ","いそぐ","","to hurry; to rush; to hasten",""
"word","Jisho-N4","選ぶ","えらぶ","","to choose; to select; to pick (out)",""
"word","Jisho-N4","送る","おくる","","to send; to dispatch; to forward",""
"word","Jisho-N4","必ず","かならず","","always; without exception; necessarily",""
"word","Jisho-N4","怒る","おこる","","to get angry; to get mad; to lose one's temper",""
"word","Jisho-N4","最近","さいきん","","recently; lately; these days",""
"word","Jisho-N4","払う","はらう","","to pay (e.g. money, bill); to brush off; to wipe away",""
"word","Jisho-N4","合う","あう","","to come together; to merge; to unite",""
"word","Jisho-N4","点","てん","","dot; spot; point",""
"word","Jisho-N4","決める","きめる","","to decide; to choose; to determine",""
"word","Jisho-N4","笑う","わらう","","to laugh; to smile",""
"word","Jisho-N4","最初","さいしょ","","beginning; outset; first",""
"word","Jisho-N4","反対","はんたい","","opposition; resistance; antagonism",""
"word","Jisho-N4","娘","むすめ","","daughter; girl (i.e. a young, unmarried woman)",""
"word","Jisho-N4","理由","りゆう","","reason; grounds; pretext",""
"word","Jisho-N4","喜ぶ","よろこぶ","","to be delighted; to be glad; to be pleased",""
"word","Jisho-N4","昔","むかし","","the old days; the past; former times",""
"word","Jisho-N4","約束","やくそく","","promise; agreement; arrangement",""
"word","Jisho-N4","思い出す","おもいだす","","to recall; to remember; to recollect",""
"word","Jisho-N4","変わる","かわる","","to change; to be transformed; to be altered",""
"word","Jisho-N4","正しい","ただしい","","right; correct",""
"word","Jisho-N4","落ちる","おちる","","to fall; to drop; to come down",""
"word","Jisho-N4","場所","ばしょ","","place; location; spot",""
"word","Jisho-N4","楽しむ","たのしむ","","to enjoy; to take pleasure in; to have a good time",""
"word","Jisho-N4","利用","りよう","","use; utilization; utilisation",""
"word","Jisho-N4","間に合う","まにあう","","to be in time (for); to serve (suit, meet) the purpose; to be good enough",""
"word","Jisho-N4","今度","こんど","","this time; now",""
"word","Jisho-N4","予定","よてい","","plans; arrangement; schedule",""
"word","Jisho-N4","訪ねる","たずねる","","to visit; to call on; to pay a visit to",""
"word","Jisho-N4","進む","すすむ","","to advance; to go forward",""
"word","Jisho-N4","赤ん坊","あかんぼう","","baby; infant",""
"word","Jisho-N4","最後","さいご","","end; conclusion",""
"word","Jisho-N4","向かう","むかう","","to face; to go towards; to head towards",""
"word","Jisho-N4","興味","きょうみ","","interest (in something); curiosity (about something); zest (for)",""
"word","Jisho-N4","通る","とおる","","to go by; to go past; to go along",""
"word","Jisho-N4","時代","じだい","","period; epoch; era",""
"word","Jisho-N4","途中","とちゅう","","on the way; en route",""
"word","Jisho-N4","返事","へんじ","","reply; answer; response",""
"word","Jisho-N4","簡単","かんたん","","simple; easy; uncomplicated",""
"word","Jisho-N4","深い","ふかい","","deep; profound",""
"word","Jisho-N4","起こす","おこす","","to raise; to raise up; to set up",""
"word","Jisho-N4","夫","おっと","","husband",""
"word","Jisho-N4","一度","いちど","","once; one time; on one occasion",""
"word","Jisho-N4","運ぶ","はこぶ","","to carry; to transport; to move",""
"word","Jisho-N4","今夜","こんや","","this evening; tonight",""
"word","Jisho-N4","盗む","ぬすむ","","to steal; to plagiarize; to steal (a technique, idea, etc.)",""
"word","Jisho-N4","習慣","しゅうかん","","habit; (social) custom; practice",""
"word","Jisho-N4","大抵","たいてい","","mostly; ordinarily; usually",""
"word","Jisho-N4","残る","のこる","","to remain; to be left",""
"word","Jisho-N4","上がる","あがる","","to rise; to go up; to come up",""
"word","Jisho-N4","席","せき","","seat; location (of a gathering, etc.); place",""
"word","Jisho-N4","値段","ねだん","","price; cost",""
"word","Jisho-N4","将来","しょうらい","","future; (future) prospects",""
"word","Jisho-N4","優しい","やさしい","","tender; kind; gentle",""
"word","Jisho-N4","致す","いたす","","to do",""
"word","Jisho-N4","空気","くうき","","air; atmosphere",""
"word","Jisho-N4","逃げる","にげる","","to run away; to flee; to get away (e.g. from danger)",""
"word","Jisho-N4","役に立つ","やくにたつ","","to be helpful; to be useful",""
"word","Jisho-N4","機会","きかい","","chance; opportunity; occasion",""
"word","Jisho-N4","予約","よやく","","reservation; appointment; booking",""
"word","Jisho-N4","原因","げんいん","","cause; origin; source",""
"word","Jisho-N4","火事","かじ","","fire; conflagration",""
"word","Jisho-N4","泥棒","どろぼう","","thief; burglar; robber",""
"word","Jisho-N4","髪","かみ","","hair (on the head)",""
"word","Jisho-N4","行う","おこなう","","to perform; to do; to conduct oneself",""
"word","Jisho-N4","代わり","かわり","","substitute; replacement; substituting",""
"word","Jisho-N4","見つかる","みつかる","","to be found; to be discovered",""
"word","Jisho-N4","打つ","うつ","","to hit; to strike; to knock",""
"word","Jisho-N4","厳しい","きびしい","","severe; strict; rigid",""
"word","Jisho-N4","増える","ふえる","","to increase; to multiply",""
"word","Jisho-N4","迎える","むかえる","","to go out to meet; to receive; to welcome",""
"word","Jisho-N4","怖い","こわい","","scary; frightening; eerie",""
"word","Jisho-N4","社長","しゃちょう","","company president; manager; director",""
"word","Jisho-N4","紹介","しょうかい","","introduction; presentation; referral",""
"word","Jisho-N4","集める","あつめる","","to collect; to assemble; to gather",""
"word","Jisho-N4","事務所","じむしょ","","office",""
"word","Jisho-N4","星","ほし","","star (usu. excluding the Sun); planet (usu. excluding Earth); heavenly body",""
"word","Jisho-N4","特に","とくに","","particularly; especially; in particular",""
"word","Jisho-N4","集まる","あつまる","","to gather; to collect; to assemble",""
"word","Jisho-N4","比べる","くらべる","","to compare; to make a comparison (between)",""
"word","Jisho-N4","無理","むり","","unreasonable; unnatural; unjustifiable",""
"word","Jisho-N4","用意","ようい","","preparation; arrangements; provision",""
"word","Jisho-N4","落とす","おとす","","to drop; to lose; to let fall",""
"word","Jisho-N4","壊れる","こわれる","","to be broken; to break; to fall apart",""
"word","Jisho-N4","具合","ぐあい","","condition; state",""
"word","Jisho-N4","倒れる","たおれる","","to fall (over, down); to collapse; to take a fall",""
"word","Jisho-N4","味","あじ","","flavor; flavour; taste",""
"word","Jisho-N4","安全","あんぜん","","safety; security",""
"word","Jisho-N4","変","へん","","strange; odd; peculiar",""
"word","Jisho-N4","連絡","れんらく","","contacting; (making) contact; getting in touch",""
"word","Jisho-N4","祖母","そぼ","","grandmother",""
"word","Jisho-N4","大事","だいじ","","important; serious; crucial",""
"word","Jisho-N4","下がる","さがる","","to come down; to go down; to fall",""
"word","Jisho-N4","壊す","こわす","","to break; to destroy; to demolish",""
"word","Jisho-N4","決まる","きまる","","to be decided; to be settled; to be fixed",""
"word","Jisho-N4","汽車","きしゃ","","steam locomotive; steam train",""
"word","Jisho-N4","確か","たしか","","sure; certain; positive",""
"word","Jisho-N4","楽しみ","たのしみ","","enjoyment; pleasure; amusement",""
"word","Jisho-N4","可笑しい","おかしい","","funny; amusing; comical",""
"word","Jisho-N4","隅","すみ","","corner; nook; recess",""
"word","Jisho-N4","競争","きょうそう","","competition; contest; rivalry",""
"word","Jisho-N4","入院","にゅういん","","hospitalization; hospitalisation",""
"word","Jisho-N4","形","かたち","","(physical) form; shape; figure",""
"word","Jisho-N4","留守","るす","","absence; being away from home",""
"word","Jisho-N4","景色","けしき","","scenery; scene; landscape",""
"word","Jisho-N4","仕方","しかた","","way; method; means",""
"word","Jisho-N4","首","くび","","neck; head",""
"word","Jisho-N4","君","きみ","","you; buddy; pal",""
"word","Jisho-N4","以内","いない","","within; inside of; less than",""
"word","Jisho-N4","血","ち","","blood; ancestry; lineage",""
"word","Jisho-N4","例えば","たとえば","","for example; for instance; e.g.",""
"word","Jisho-N4","別れる","わかれる","","to part (usu. of people); to part from; to part with",""
"word","Jisho-N4","棚","たな","","shelf; ledge; rack",""
"word","Jisho-N4","申し上げる","もうしあげる","","to say; to tell; to state",""
"word","Jisho-N4","引っ越す","ひっこす","","to move (house); to change residence",""
"word","Jisho-N4","複雑","ふくざつ","","complex; complicated; intricate",""
"word","Jisho-N4","品物","しなもの","","article; item; thing",""
"word","Jisho-N4","技術","ぎじゅつ","","technology; engineering",""
"word","Jisho-N4","ご存知","ごぞんじ","","knowing; being aware (of)",""
"word","Jisho-N4","草","くさ","","grass; weed; herb",""
"word","Jisho-N4","以下","いか","","not exceeding ...; not more than ...; ... and under",""
"word","Jisho-N4","倍","ばい","","double; twice (as much)",""
"word","Jisho-N4","両方","りょうほう","","both; both sides; both parties",""
"word","Jisho-N4","港","みなと","","harbour; harbor; port",""
"word","Jisho-N4","安心","あんしん","","peace of mind; relief; (sense of) security",""
"word","Jisho-N4","大体","だいたい","","generally; on the whole; mostly",""
"word","Jisho-N4","線","せん","","line; stripe; stria",""
"word","Jisho-N4","下げる","さげる","","to hang; to suspend; to wear (e.g. decoration)",""
"word","Jisho-N4","虫","むし","","insect; bug; cricket",""
"word","Jisho-N4","小鳥","ことり","","small bird; little bird",""
"word","Jisho-N4","高校生","こうこうせい","","senior high school student",""
"word","Jisho-N4","乗り換える","のりかえる","","to transfer (trains); to change (bus, train)",""
"word","Jisho-N4","枝","えだ","","branch; bough; limb",""
"word","Jisho-N4","寺","てら","","temple (Buddhist)",""
"word","Jisho-N4","通う","かよう","","to go to and from (a place); to go back and forth between; to run between (e.g. bus, train, etc.)",""
"word","Jisho-N4","終わり","おわり","","end; ending; close",""
"word","Jisho-N4","店員","てんいん","","employee (of a store); shop assistant; clerk",""
"word","Jisho-N4","帰り","かえり","","return; coming back",""
"word","Jisho-N4","着物","きもの","","kimono; Japanese traditional clothing (esp. full-length)",""
"word","Jisho-N4","騒ぐ","さわぐ","","to make noise; to make racket; to be noisy",""
"word","Jisho-N4","柔らかい","やわらかい","","soft; tender; supple",""
"word","Jisho-N4","丁寧","ていねい","","polite; courteous; civil",""
"word","Jisho-N4","裏","うら","","opposite side; bottom; other side",""
"word","Jisho-N4","真ん中","まんなか","","middle; centre; center",""
"word","Jisho-N4","冷える","ひえる","","to grow cold; to get chilly; to cool down",""
"word","Jisho-N4","遠慮","えんりょ","","reserve; constraint; restraint",""
"word","Jisho-N4","飾る","かざる","","to decorate; to ornament; to adorn",""
"word","Jisho-N4","表","おもて","","surface; face (i.e. the visible side of an object)",""
"word","Jisho-N4","都合","つごう","","circumstances; condition; convenience",""
"word","Jisho-N4","暮れる","くれる","","to get dark; to grow dark",""
"word","Jisho-N4","昼間","ひるま","","daytime; during the day; time from sunrise until sunset",""
"word","Jisho-N4","部長","ぶちょう","","head (chief, director) of a section or department; head of a (school) club; head of a (school) team",""
"word","Jisho-N4","急","きゅう","","sudden; abrupt; unexpected",""
"word","Jisho-N4","引き出し","ひきだし","","drawer; withdrawal (of money from an account)",""
"word","Jisho-N4","久しぶり","ひさしぶり","","a long time (since the last time); first in a long time",""
"word","Jisho-N4","会場","かいじょう","","assembly hall; meeting place; venue",""
"word","Jisho-N4","急行","きゅうこう","","hurrying (to somewhere); rushing; hastening",""
"word","Jisho-N4","地理","ちり","","geography",""
"word","Jisho-N4","電灯","でんとう","","electric light",""
"word","Jisho-N4","踊り","おどり","","dance",""
"word","Jisho-N4","又は","または","","or; either ... or ...",""
"word","Jisho-N4","細かい","こまかい","","small; fine; minute",""
"word","Jisho-N4","適当","てきとう","","suitable; proper; appropriate",""
"word","Jisho-N4","課長","かちょう","","section manager; section chief",""
"word","Jisho-N4","盛ん","さかん","","prosperous; flourishing; thriving",""
"word","Jisho-N4","引き出す","ひきだす","","to pull out; to take out; to draw out",""
"word","Jisho-N4","暖房","だんぼう","","(indoor) heating",""
"word","Jisho-N4","割合","わりあい","","rate; ratio; percentage",""
"word","Jisho-N4","申す","もうす","","to say; to be called",""
"word","Jisho-N4","売り場","うりば","","selling area; counter; section",""
"word","Jisho-N4","退院","たいいん","","leaving hospital; discharge from hospital",""
"word","Jisho-N4","受付","うけつけ","","reception (desk); information desk; receptionist",""
"word","Jisho-N4","苦い","にがい","","bitter",""
"word","Jisho-N4","講堂","こうどう","","auditorium; lecture hall",""
"word","Jisho-N4","不便","ふべん","","inconvenience; inexpediency; unhandiness",""
"word","Jisho-N4","下宿","げしゅく","","boarding; lodging; board and lodging",""
"word","Jisho-N4","食料品","しょくりょうひん","","foodstuff; groceries",""
"word","Jisho-N4","新聞社","しんぶんしゃ","","newspaper company",""
"word","Jisho-N4","写す","うつす","","to copy; to duplicate; to reproduce",""
"word","Jisho-N4","湯","ゆ","","hot water; hot bath; hot spring",""
"word","Jisho-N4","屋上","おくじょう","","rooftop",""
"word","Jisho-N4","冷房","れいぼう","","air conditioning; air cooling",""
"word","Jisho-N4","下着","したぎ","","underwear; undergarment; underclothes",""
"word","Jisho-N4","畳","たたみ","","tatami mat; Japanese straw floor coverings",""
"word","Jisho-N4","お嬢さん","おじょうさん","","(another's) daughter; young lady",""
"word","Jisho-N4","沸かす","わかす","","to boil; to heat (a liquid); to prepare (a bath, hot drink)",""
"word","Jisho-N4","漬ける","つける","","to soak (in); to steep; to dip",""
"word","Jisho-N4","特急","とっきゅう","","limited express (train for which a limited-express ticket is required); limited express (train making a limited no. of stops)",""
"word","Jisho-N4","呉れる","くれる","","to give; to let (one) have",""
"word","Jisho-N4","過ぎる","すぎる","","to pass through; to pass by; to go beyond",""
"word","Jisho-N4","積もり","つもり","","intention; plan; purpose",""
"word","Jisho-N4","殆ど","ほとんど","","almost; nearly; mostly",""
"word","Jisho-N4","止める","とめる","","to stop; to turn off",""
"word","Jisho-N4","酷い","ひどい","","cruel; heartless; hard",""
"word","Jisho-N4","遅れる","おくれる","","to be late; to be delayed; to fall behind schedule",""
"word","Jisho-N4","続ける","つづける","","to continue; to keep up; to keep on",""
"word","Jisho-N4","手伝う","てつだう","","to help; to assist; to aid",""
"word","Jisho-N4","見つける","みつける","","to find; to discover; to come across",""
"word","Jisho-N4","驚く","おどろく","","to be surprised; to be taken aback; to be amazed",""
"word","Jisho-N4","開く","ひらく","","to open; to undo; to unseal",""
"word","Jisho-N4","眠る","ねむる","","to sleep; to die; to rest (in peace)",""
"word","Jisho-N4","勝つ","かつ","","to win; to gain victory",""
"word","Jisho-N4","聞こえる","きこえる","","to be heard; to be audible; to reach one's ears",""
"word","Jisho-N4","尋ねる","たずねる","","to ask; to enquire; to inquire",""
"word","Jisho-N4","慣れる","なれる","","to get used to; to grow accustomed to; to become familiar with",""
"word","Jisho-N4","泣く","なく","","to cry; to shed tears; to weep",""
"word","Jisho-N4","似る","にる","","to resemble; to look like; to be like",""
"word","Jisho-N4","屹度","きっと","","surely; undoubtedly; almost certainly",""
"word","Jisho-N4","戻る","もどる","","to turn back (e.g. half-way); to return; to go back",""
"word","Jisho-N4","調べる","しらべる","","to examine; to look up; to investigate",""
"word","Jisho-N4","伝える","つたえる","","to convey; to report; to transmit",""
"word","Jisho-N4","筈","はず","","should (be); bound (to be); expected (to be)",""
"word","Jisho-N4","無くなる","なくなる","","to be lost (e.g. luggage); to be missing",""
"word","Jisho-N4","動く","うごく","","to move; to stir; to shift",""
"word","Jisho-N4","知らせる","しらせる","","to notify; to advise; to inform",""
"word","Jisho-N4","続く","つづく","","to continue; to last; to go on",""
"word","Jisho-N4","別","べつ","","distinction; difference; discrimination",""
"word","Jisho-N4","鳴る","なる","","to sound; to ring; to resound",""
"word","Jisho-N4","市","し","","city",""
"word","Jisho-N4","負ける","まける","","to lose; to be defeated; to be beaten",""
"word","Jisho-N4","悲しい","かなしい","","sad; miserable; unhappy",""
"word","Jisho-N4","亡くなる","なくなる","","to die; to pass away",""
"word","Jisho-N4","以外","いがい","","excluding; except (for); apart from",""
"word","Jisho-N4","直す","なおす","","to repair; to mend; to fix",""
"word","Jisho-N4","暫く","しばらく","","for a moment; for a minute",""
"word","Jisho-N4","回る","まわる","","to turn; to rotate; to revolve",""
"word","Jisho-N4","間違える","まちがえる","","to make a mistake (in); to commit an error; to get wrong",""
"word","Jisho-N4","捨てる","すてる","","to throw away; to cast away; to dump",""
"word","Jisho-N4","確り","しっかり","","tightly (holding on); firmly; securely",""
"word","Jisho-N4","育てる","そだてる","","to raise; to rear; to bring up",""
"word","Jisho-N4","褒める","ほめる","","to praise; to commend; to compliment",""
"word","Jisho-N4","石","いし","","stone; rock; pebble",""
"word","Jisho-N4","恥ずかしい","はずかしい","","embarrassing; embarrassed; ashamed",""
"word","Jisho-N4","塗る","ぬる","","to paint; to spread; to plaster",""
"word","Jisho-N4","泊まる","とまる","","to stay at (e.g. hotel); to be docked; to be berthed",""
"word","Jisho-N4","片付ける","かたづける","","to put in order; to tidy up; to clean up",""
"word","Jisho-N4","止む","やむ","","to cease; to stop; to be over",""
"word","Jisho-N4","遠く","とおく","","far away; distant place; a (great) distance",""
"word","Jisho-N4","済む","すむ","","to finish; to end; to be completed",""
"word","Jisho-N4","到頭","とうとう","","finally; at last; in the end",""
"word","Jisho-N4","捕まえる","つかまえる","","to catch; to capture; to arrest",""
"word","Jisho-N4","踊る","おどる","","to dance (orig. a hopping dance); to be manipulated; to dance to someone's tune",""
"word","Jisho-N4","足りる","たりる","","to be sufficient; to be enough",""
"word","Jisho-N4","治る","なおる","","to get better; to get well; to recover (from an illness)",""
"word","Jisho-N4","為さる","なさる","","to do",""
"word","Jisho-N4","硬い","かたい","","hard; solid; tough",""
"word","Jisho-N4","建てる","たてる","","to build; to construct",""
"word","Jisho-N4","凄い","すごい","","terrible; dreadful",""
"word","Jisho-N4","謝る","あやまる","","to apologize (apologise); to refuse; to decline",""
"word","Jisho-N4","此れから","これから","","from now on; after this; in the future",""
"word","Jisho-N4","立てる","たてる","","to stand up; to put up; to set up",""
"word","Jisho-N4","寂しい","さびしい","","lonely; lonesome; solitary",""
"word","Jisho-N4","濡れる","ぬれる","","to get wet",""
"word","Jisho-N4","投げる","なげる","","to throw; to hurl; to fling",""
"word","Jisho-N4","太る","ふとる","","to put on weight; to gain weight; to grow fat",""
"word","Jisho-N4","寄る","よる","","to approach; to draw near; to come near",""
"word","Jisho-N4","歯医者","はいしゃ","","dentist",""
"word","Jisho-N4","参る","まいる","","to go; to come; to call",""
"word","Jisho-N4","召し上がる","めしあがる","","to eat; to drink",""
"word","Jisho-N4","珍しい","めずらしい","","rare; uncommon; unusual",""
"word","Jisho-N4","揺れる","ゆれる","","to shake; to sway; to rock",""
"word","Jisho-N4","祈る","いのる","","to pray; to say a prayer; to say grace",""
"word","Jisho-N4","硝子","ガラス","","glass; pane",""
"word","Jisho-N4","込む","こむ","","to be crowded; to be packed; to be congested",""
"word","Jisho-N4","折る","おる","","to break; to fracture; to break off",""
"word","Jisho-N4","大学生","だいがくせい","","university student; college student",""
"word","Jisho-N4","お礼","おれい","","thanks; gratitude",""
"word","Jisho-N4","眠い","ねむい","","sleepy; drowsy; somnolent",""
"word","Jisho-N4","それ程","それほど","","to that degree; to that extent; that much",""
"word","Jisho-N4","偶に","たまに","","occasionally; once in a while; now and then",""
"word","Jisho-N4","痩せる","やせる","","to become thin; to lose weight; to slim",""
"word","Jisho-N4","噛む","かむ","","to bite; to chew; to gnaw",""
"word","Jisho-N4","瓦斯","ガス","","gas (as a fuel); gas (state of matter)",""
"word","Jisho-N4","億","おく","","hundred million; 100,000,000; 10^8",""
"word","Jisho-N4","触る","さわる","","to touch; to feel; to handle",""
"word","Jisho-N4","掏摸","すり","","pickpocket",""
"word","Jisho-N4","成る程","なるほど","","I see; that's right; indeed",""
"word","Jisho-N4","拾う","ひろう","","to pick up; to gather",""
"word","Jisho-N4","焼く","やく","","to burn; to roast; to broil",""
"word","Jisho-N4","割れる","われる","","to break; to be smashed",""
"word","Jisho-N4","滑る","すべる","","to slide; to glide; to skate",""
"word","Jisho-N4","些とも","ちっとも","","(not) at all; (not) a bit; (not) in the least",""
"word","Jisho-N4","お宅","おたく","","your house; your home; your family",""
"word","Jisho-N4","折れる","おれる","","to break; to be broken; to snap",""
"word","Jisho-N4","移る","うつる","","to move (to another place or state); to change (e.g. of state, affiliation, scenery, etc.); to be transferred",""
"word","Jisho-N4","光る","ひかる","","to shine; to glitter; to be bright",""
"word","Jisho-N4","植える","うえる","","to plant; to grow; to raise",""
"word","Jisho-N4","字","じ","","character (esp. kanji); letter; written text",""
"word","Jisho-N4","差し上げる","さしあげる","","to lift up; to hold up; to raise",""
"word","Jisho-N4","焼ける","やける","","to burn; to burn down; to go down in flames",""
"word","Jisho-N4","取り替える","とりかえる","","to exchange; to swap; to barter",""
"word","Jisho-N4","釣る","つる","","to fish; to angle; to catch",""
"word","Jisho-N4","乾く","かわく","","to get dry",""
"word","Jisho-N4","用事","ようじ","","business; things to do; engagement",""
"word","Jisho-N4","成るべく","なるべく","","as (much) as possible; as (much) as one can; wherever practicable",""
"word","Jisho-N4","苛める","いじめる","","to ill-treat; to bully; to torment",""
"word","Jisho-N4","届ける","とどける","","to deliver; to forward; to send",""
"word","Jisho-N4","浅い","あさい","","shallow; superficial",""
"word","Jisho-N4","拝見","はいけん","","seeing; looking at",""
"word","Jisho-N4","お土産","おみやげ","","local specialty or souvenir bought as a gift while traveling (travelling); present brought by a visitor",""
"word","Jisho-N4","床屋","とこや","","barbershop; barber shop; barber",""
"word","Jisho-N4","お釣り","おつり","","change (for a purchase); toilet splashback",""
"word","Jisho-N4","足す","たす","","to add (numbers); to add (something); to top up (with something)",""
"word","Jisho-N4","予習","よしゅう","","preparation for a lesson",""
"word","Jisho-N4","寝坊","ねぼう","","sleeping in late; oversleeping",""
"word","Jisho-N4","沸く","わく","","to grow hot (e.g. water); to boil",""
"word","Jisho-N4","忘れ物","わすれもの","","lost article; thing left behind",""
"word","Jisho-N4","復習","ふくしゅう","","review (of learned material); revision",""
"word","Jisho-N4","ご主人","ごしゅじん","","your husband; her husband",""
"word","Jisho-N4","再来週","さらいしゅう","","week after next",""
"word","Jisho-N4","再来月","さらいげつ","","month after next",""
"word","Jisho-N4","付く","つく","","to be attached; to be connected with; to adhere",""
"word","Jisho-N4","変える","かえる","","to change; to alter; to transform",""
"word","Jisho-N4","阿弗利加","アフリカ","","Africa",""
"word","Jisho-N4","斯う","こう","","in this way; like this; so",""
"word","Jisho-N4","看護師","かんごし","","(hospital) nurse; registered nurse; RN",""
"word","Jisho-N4","降り出す","ふりだす","","to begin to rain; to begin to snow",""
"word","Jisho-N4","","けど","","but; however; although",""
"word","Jisho-N4","日","ひ","","day; days",""
"word","Jisho-N4","大分","だいぶ","","considerably; greatly; a lot",""
"word","Jisho-N4","間","あいだ","","space (between); gap; interval",""
"word","Jisho-N4","親","おや","","parent; parents; mother and father",""
"word","Jisho-N4","熱","ねつ","","heat; fever; temperature",""
"word","Jisho-N4","運転手","うんてんしゅ","","driver; chauffeur",""
"word","Jisho-N4","木綿","もめん","","cotton (material); red silk-cotton tree (Bombax ceiba)",""
"word","Jisho-N4","消しゴム","けしゴム","","eraser; rubber",""
"word","Jisho-N4","","テニス","","tennis",""
"word","Jisho-N4","","ピアノ","","piano (instrument); piano (dynamic)",""
"word","Jisho-N4","","コンピュータ","","computer",""
"word","Jisho-N4","","ケーキ","","cake",""
"word","Jisho-N4","","カーテン","","curtain; curtains",""
"word","Jisho-N4","","ガソリン","","gasoline; petrol",""
"word","Jisho-N4","","アルコール","","alcohol; alcoholic drink",""
"word","Jisho-N4","","サンドイッチ","","sandwich",""
"word","Jisho-N4","","オートバイ","","motorcycle; motorbike",""
"word","Jisho-N4","","サラダ","","salad",""
"word","Jisho-N4","","ソフト","","soft; software",""
"word","Jisho-N4","","テキスト","","text; textbook",""
"word","Jisho-N4","","ガソリンスタンド","","gas station; petrol station; filling station",""
"word","Jisho-N4","","ジャム","","jam",""
"word","Jisho-N4","","ステレオ","","stereo (sound); stereo (player, set)",""
"word","Jisho-N4","","アナウンサー","","announcer; presenter; broadcaster",""
"word","Jisho-N4","","パート","","part; part-timer",""
"word","Jisho-N4","","アクセサリー","","accessory (fashion); jewelry",""
"word","Jisho-N4","","エスカレーター","","escalator",""
"word","Jisho-N4","","あっ","","ah; oh",""
"word","Jisho-N4","","スーツケース","","suitcase",""
"word","Jisho-N4","","ステーキ","","steak",""
"word","Jisho-N4","亜細亜","アジア","","Asia",""
"word","Jisho-N4","","チェック","","check (pattern); plaid",""
"word","Jisho-N4","","サンダル","","sandal",""
"word","Jisho-N4","","スクリーン","","screen",""
"word","Jisho-N4","開く","あく","","to open (e.g. doors); to open (e.g. business, etc.)",""
"word","Jisho-N4","一杯","いっぱい","","one cup (of); one glass (of); one bowl (of)",""
"word","Jisho-N4","用","よう","","business; task; errand",""
"word","Jisho-N4","","レジ","","(cash) register; checkout (counter); cashier",""
"word","Jisho-N4","内","うち","","inside; within",""
"word","Jisho-N4","訳","わけ","","reason; cause; grounds",""
"word","Jisho-N4","お陰","おかげ","","grace (of God); benevolence (of Buddha); blessing",""
"word","Jisho-N4","もう直ぐ","もうすぐ","","soon; shortly; before long",""
"word","Jisho-N4","君","くん","","Mr; master; boy",""
"word","Jisho-N4","包む","つつむ","","to wrap up; to pack; to bundle",""
"word","Jisho-N4","毛","け","","hair; fur; wool",""
"word","Jisho-N4","泳ぎ方","およぎかた","","way of swimming",""
"word","Jisho-N4","都","と","","Metropolis (of Tokyo); (Tokyo) Metropolitan District; metropolitan prefecture",""
"word","Jisho-N4","家内","かない","","(my) wife; inside the home; one's family",""
"word","Jisho-N4","お見舞い","おみまい","","visit (to someone affected by illness or misfortune); call; inquiry (about someone's health)",""
"word","Jisho-N4","","そう","","appearing that; seeming that; looking like",""
"word","Jisho-N4","","そんな","","such; that sort of; that kind of",""
"word","Jisho-N4","若し","もし","","if; in case; supposing",""
"word","Jisho-N4","止める","やめる","","to stop (an activity); to cease; to discontinue",""
"word","Jisho-N4","非常に","ひじょうに","","very; extremely; exceedingly",""
"word","Jisho-N4","","だから","","so; therefore; accordingly",""
"word","Jisho-N4","","はっきり","","clearly; plainly; distinctly",""
"word","Jisho-N4","","すっかり","","all; completely; totally",""
"word","Jisho-N4","","コンサート","","concert",""
"word","Jisho-N4","漸と","やっと","","at last; finally",""
"word","Jisho-N4","","あんな","","that sort of; that kind of; like that",""
"word","Jisho-N4","","プレゼント","","present; gift",""
"word","Jisho-N4","","タイプ","","type; kind; sort",""
"word","Jisho-N4","","レポート","","report; paper",""
"word","Jisho-N4","仰る","おっしゃる","","to say; to speak; to tell",""
"word","Jisho-N4","","そろそろ","","soon; before long; any time now",""
"word","Jisho-N4","米","こめ","","(husked grains of) rice; staple (product, etc.); necessity",""
"word","Jisho-N4","","ベル","","bell",""
"word","Jisho-N4","","いらっしゃる","","to come; to go; to be (somewhere)",""
"word","Jisho-N4","其れで","それで","","so; therefore; and",""
"word","Jisho-N4","","どんどん","","drumming (noise); beating; pounding",""
"word","Jisho-N4","","スーツ","","suit (clothing); suit",""
"word","Jisho-N4","","ワープロ","","word processor",""
"word","Jisho-N4","","ちゃん","","suffix for familiar person",""
"word","Jisho-N4","汚れる","よごれる","","to get dirty; to become dirty",""
"word","Jisho-N4","","パソコン","","personal computer; PC",""
"word","Jisho-N4","ご馳走","ごちそう","","treat (esp. food and drink); entertainment; treating someone (to a meal)",""
"word","Jisho-N4","この頃","このごろ","","these days; nowadays; now",""
"word","Jisho-N4","","ハンドバッグ","","handbag; purse",""
"word","Jisho-N4","","すると","","(and) then; and; thereupon",""
"word","Jisho-N4","先","さっき","","a short while ago; a moment ago; just now",""
"word","Jisho-N4","この間","このあいだ","","the other day; lately; recently",""
"word","Jisho-N4","其れに","それに","","besides; in addition; also",""
"word","Jisho-N4","ＦＡＸ","ファックス","","fax; facsimile",""
"word","Jisho-N4","","すっと","","straight; quickly; directly",""
"word","Jisho-N4","","そんなに","","so much; so; like that",""
"word","Jisho-N4","","うん","","yes; yeah; uh huh",""
"word","Jisho-N4","","ああ","","like that; so",""
"word","Jisho-N4","ご覧になる","ごらんになる","","to see; to look; to watch",""
"word","Jisho-N4","妻","つま","","wife; garnish (esp. one served with sashimi); trimmings",""
"word","Jisho-N4","気持ち","きもち","","feeling; sensation; mood",""
"word","Jisho-N4","答え","こたえ","","answer; reply; response",""
"word","Jisho-N4","昼休み","ひるやすみ","","lunch break; noon recess; noon rest period",""
"word","Jisho-N4","二階建て","にかいだて","","two-storied building",""
"word","Jisho-N4","お祝い","おいわい","","congratulation; congratulations; celebration",""
"word","Jisho-N4","お出でになる","おいでになる","","to be; to come",""
"word","Jisho-N4","","ビル","","multi-floor building; multi-storey building",""
"word","Jisho-N4","お祭り","おまつり","","festival; feast; carnival",""
"word","Jisho-N4","","アルバイト","","part-time job; side job",""
"word","Jisho-N4","端","つま","","edge; tip; end",""
